Driver,LapNumber,LapTime,Compound,TyreLife,Stint,PitInTime,PitOutTime,LapTimeSeconds
VER,1.0,0 days 00:01:27.020000,HARD,1.0,1.0,,,87.02
VER,2.0,0 days 00:01:46.318000,HARD,2.0,1.0,,,106.318
VER,3.0,0 days 00:01:48.815000,HARD,3.0,1.0,,,108.815
VER,4.0,0 days 00:01:40.290000,HARD,4.0,1.0,,,100.29
VER,5.0,0 days 00:01:20.800000,HARD,5.0,1.0,,,80.8
VER,6.0,0 days 00:01:20.011000,HARD,6.0,1.0,,,80.011
VER,7.0,0 days 00:01:18.968000,HARD,7.0,1.0,,,78.968
VER,8.0,0 days 00:01:17.714000,HARD,8.0,1.0,,,77.714
VER,9.0,0 days 00:01:21.205000,HARD,9.0,1.0,,,81.205
VER,10.0,0 days 00:01:19.169000,HARD,10.0,1.0,,,79.169
VER,11.0,0 days 00:01:17.481000,HARD,11.0,1.0,,,77.481
VER,12.0,0 days 00:01:18.128000,HARD,12.0,1.0,,,78.128
VER,13.0,0 days 00:01:17.122000,HARD,13.0,1.0,,,77.122
VER,14.0,0 days 00:01:16.810000,HARD,14.0,1.0,,,76.81
VER,15.0,0 days 00:01:16.380000,HARD,15.0,1.0,,,76.38
VER,16.0,0 days 00:01:15.392000,HARD,16.0,1.0,,,75.392
VER,17.0,0 days 00:01:15.131000,HARD,17.0,1.0,,,75.131
VER,18.0,0 days 00:01:15.035000,HARD,18.0,1.0,,,75.035
VER,19.0,0 days 00:01:15.413000,HARD,19.0,1.0,,,75.413
VER,20.0,0 days 00:01:15.233000,HARD,20.0,1.0,,,75.233
VER,21.0,0 days 00:01:15.248000,HARD,21.0,1.0,,,75.248
VER,22.0,0 days 00:01:15.291000,HARD,22.0,1.0,,,75.291
VER,23.0,0 days 00:01:15.254000,HARD,23.0,1.0,,,75.254
VER,24.0,0 days 00:01:15.181000,HARD,24.0,1.0,,,75.181
VER,25.0,0 days 00:01:15.175000,HARD,25.0,1.0,,,75.175
VER,26.0,0 days 00:01:16.288000,HARD,26.0,1.0,,,76.288
VER,27.0,0 days 00:01:16.323000,HARD,27.0,1.0,,,76.323
VER,30.0,0 days 00:01:15.074000,MEDIUM,2.0,2.0,,,75.074
VER,31.0,0 days 00:01:15.133000,MEDIUM,3.0,2.0,,,75.133
VER,32.0,0 days 00:01:15.424000,MEDIUM,4.0,2.0,,,75.424
VER,33.0,0 days 00:01:16.213000,MEDIUM,5.0,2.0,,,76.213
VER,34.0,0 days 00:01:15.800000,MEDIUM,6.0,2.0,,,75.8
VER,35.0,0 days 00:01:15.330000,MEDIUM,7.0,2.0,,,75.33
VER,36.0,0 days 00:01:14.976000,MEDIUM,8.0,2.0,,,74.976
VER,37.0,0 days 00:01:15.025000,MEDIUM,9.0,2.0,,,75.025
VER,38.0,0 days 00:01:14.677000,MEDIUM,10.0,2.0,,,74.677
VER,39.0,0 days 00:01:14.785000,MEDIUM,11.0,2.0,,,74.785
VER,40.0,0 days 00:01:14.421000,MEDIUM,12.0,2.0,,,74.421
VER,41.0,0 days 00:01:14.390000,MEDIUM,13.0,2.0,,,74.39
VER,42.0,0 days 00:01:14.456000,MEDIUM,14.0,2.0,,,74.456
VER,43.0,0 days 00:01:14.567000,MEDIUM,15.0,2.0,,,74.567
VER,44.0,0 days 00:01:14.380000,MEDIUM,16.0,2.0,,,74.38
VER,45.0,0 days 00:01:14.230000,MEDIUM,17.0,2.0,,,74.23
VER,46.0,0 days 00:01:14.897000,MEDIUM,18.0,2.0,,,74.897
VER,47.0,0 days 00:01:14.859000,MEDIUM,19.0,2.0,,,74.859
VER,48.0,0 days 00:01:14.538000,MEDIUM,20.0,2.0,,,74.538
VER,49.0,0 days 00:01:14.261000,MEDIUM,21.0,2.0,,,74.261
VER,50.0,0 days 00:01:14.426000,MEDIUM,22.0,2.0,,,74.426
VER,51.0,0 days 00:01:15.165000,MEDIUM,23.0,2.0,,,75.165
VER,52.0,0 days 00:01:16.328000,MEDIUM,24.0,2.0,,,76.328
VER,53.0,0 days 00:01:17.547000,MEDIUM,25.0,2.0,,,77.547
VER,54.0,0 days 00:01:15.872000,MEDIUM,26.0,2.0,,,75.872
VER,55.0,0 days 00:01:15.620000,MEDIUM,27.0,2.0,,,75.62
VER,56.0,0 days 00:01:15.330000,MEDIUM,28.0,2.0,,,75.33
VER,57.0,0 days 00:01:15.418000,MEDIUM,29.0,2.0,,,75.418
VER,58.0,0 days 00:01:15.247000,MEDIUM,30.0,2.0,,,75.247
VER,59.0,0 days 00:01:15.350000,MEDIUM,31.0,2.0,,,75.35
VER,60.0,0 days 00:01:15.088000,MEDIUM,32.0,2.0,,,75.088
VER,61.0,0 days 00:01:15.064000,MEDIUM,33.0,2.0,,,75.064
VER,62.0,0 days 00:01:15.130000,MEDIUM,34.0,2.0,,,75.13
VER,63.0,0 days 00:01:15.088000,MEDIUM,35.0,2.0,,,75.088
VER,64.0,0 days 00:01:15.240000,MEDIUM,36.0,2.0,,,75.24
VER,65.0,0 days 00:01:15.122000,MEDIUM,37.0,2.0,,,75.122
VER,66.0,0 days 00:01:15.214000,MEDIUM,38.0,2.0,,,75.214
VER,67.0,0 days 00:01:15.551000,MEDIUM,39.0,2.0,,,75.551
VER,68.0,0 days 00:01:16.273000,MEDIUM,40.0,2.0,,,76.273
VER,69.0,0 days 00:01:16.063000,MEDIUM,41.0,2.0,,,76.063
VER,70.0,0 days 00:01:15.812000,MEDIUM,42.0,2.0,,,75.812
VER,71.0,0 days 00:01:16.058000,MEDIUM,43.0,2.0,,,76.058
VER,72.0,0 days 00:01:16.072000,MEDIUM,44.0,2.0,,,76.072
VER,73.0,0 days 00:01:16.221000,MEDIUM,45.0,2.0,,,76.221
VER,74.0,0 days 00:01:16.349000,MEDIUM,46.0,2.0,,,76.349
VER,75.0,0 days 00:01:16.344000,MEDIUM,47.0,2.0,,,76.344
VER,76.0,0 days 00:01:16.468000,MEDIUM,48.0,2.0,,,76.468
GAS,3.0,0 days 00:01:48.723000,MEDIUM,2.0,2.0,,,108.723
GAS,4.0,0 days 00:01:31.509000,MEDIUM,3.0,2.0,,,91.509
GAS,5.0,0 days 00:01:18.864000,MEDIUM,4.0,2.0,,,78.864
GAS,6.0,0 days 00:01:18.054000,MEDIUM,5.0,2.0,,,78.054
GAS,7.0,0 days 00:01:19.262000,MEDIUM,6.0,2.0,,,79.262
ANT,1.0,0 days 00:01:34.721000,HARD,1.0,1.0,,,94.721
ANT,2.0,0 days 00:01:51.408000,HARD,2.0,1.0,,,111.408
ANT,3.0,0 days 00:01:48.871000,HARD,3.0,1.0,,,108.871
ANT,4.0,0 days 00:01:36.575000,HARD,4.0,1.0,,,96.575
ANT,5.0,0 days 00:01:20.377000,HARD,5.0,1.0,,,80.377
ANT,6.0,0 days 00:01:20.757000,HARD,6.0,1.0,,,80.757
ANT,7.0,0 days 00:01:21.194000,HARD,7.0,1.0,,,81.194
ANT,8.0,0 days 00:01:20.877000,HARD,8.0,1.0,,,80.877
ANT,9.0,0 days 00:01:23.326000,HARD,9.0,1.0,,,83.326
ANT,10.0,0 days 00:01:21.523000,HARD,10.0,1.0,,,81.523
ANT,11.0,0 days 00:01:19.894000,HARD,11.0,1.0,,,79.894
ANT,12.0,0 days 00:01:19.788000,HARD,12.0,1.0,,,79.788
ANT,13.0,0 days 00:01:18.868000,HARD,13.0,1.0,,,78.868
ANT,14.0,0 days 00:01:19.075000,HARD,14.0,1.0,,,79.075
ANT,15.0,0 days 00:01:19.858000,HARD,15.0,1.0,,,79.858
ANT,16.0,0 days 00:01:20.745000,HARD,16.0,1.0,,,80.745
ANT,17.0,0 days 00:01:21.182000,HARD,17.0,1.0,,,81.182
ANT,18.0,0 days 00:01:20.136000,HARD,18.0,1.0,,,80.136
ANT,19.0,0 days 00:01:19.624000,HARD,19.0,1.0,,,79.624
ANT,20.0,0 days 00:01:18.842000,HARD,20.0,1.0,,,78.842
ANT,21.0,0 days 00:01:17.914000,HARD,21.0,1.0,,,77.914
ANT,22.0,0 days 00:01:17.273000,HARD,22.0,1.0,,,77.273
ANT,23.0,0 days 00:01:16.973000,HARD,23.0,1.0,,,76.973
ANT,24.0,0 days 00:01:16.939000,HARD,24.0,1.0,,,76.939
ANT,25.0,0 days 00:01:18.777000,HARD,25.0,1.0,,,78.777
ANT,26.0,0 days 00:01:19.479000,HARD,26.0,1.0,,,79.479
ANT,27.0,0 days 00:01:19.446000,HARD,27.0,1.0,,,79.446
ANT,28.0,0 days 00:01:19.910000,HARD,28.0,1.0,,,79.91
ANT,29.0,0 days 00:01:19.074000,HARD,29.0,1.0,,,79.074
ANT,30.0,0 days 00:01:20.406000,HARD,30.0,1.0,,,80.406
ANT,31.0,0 days 00:01:19.809000,HARD,31.0,1.0,,,79.809
ANT,32.0,0 days 00:01:19.689000,HARD,32.0,1.0,,,79.689
ANT,33.0,0 days 00:01:19.344000,HARD,33.0,1.0,,,79.344
ANT,34.0,0 days 00:01:18.763000,HARD,34.0,1.0,,,78.763
ANT,35.0,0 days 00:01:19.458000,HARD,35.0,1.0,,,79.458
ANT,36.0,0 days 00:01:19.869000,HARD,36.0,1.0,,,79.869
ANT,37.0,0 days 00:01:18.870000,HARD,37.0,1.0,,,78.87
ANT,38.0,0 days 00:01:18.381000,HARD,38.0,1.0,,,78.381
ANT,39.0,0 days 00:01:18.721000,HARD,39.0,1.0,,,78.721
ANT,40.0,0 days 00:01:18.950000,HARD,40.0,1.0,,,78.95
ANT,41.0,0 days 00:01:18.060000,HARD,41.0,1.0,,,78.06
ANT,42.0,0 days 00:01:17.120000,HARD,42.0,1.0,,,77.12
ANT,43.0,0 days 00:01:18.310000,HARD,43.0,1.0,,,78.31
ANT,44.0,0 days 00:01:18.885000,HARD,44.0,1.0,,,78.885
ANT,45.0,0 days 00:01:19.251000,HARD,45.0,1.0,,,79.251
ANT,46.0,0 days 00:01:19.265000,HARD,46.0,1.0,,,79.265
ANT,47.0,0 days 00:01:20.131000,HARD,47.0,1.0,,,80.131
ANT,48.0,0 days 00:01:18.844000,HARD,48.0,1.0,,,78.844
ANT,49.0,0 days 00:01:18.328000,HARD,49.0,1.0,,,78.328
ANT,50.0,0 days 00:01:19.093000,HARD,50.0,1.0,,,79.093
ANT,51.0,0 days 00:01:20.341000,HARD,51.0,1.0,,,80.341
ANT,52.0,0 days 00:01:21.962000,HARD,52.0,1.0,,,81.962
ANT,53.0,0 days 00:01:19.263000,HARD,53.0,1.0,,,79.263
ANT,54.0,0 days 00:01:19.603000,HARD,54.0,1.0,,,79.603
ANT,55.0,0 days 00:01:18.966000,HARD,55.0,1.0,,,78.966
ANT,56.0,0 days 00:01:18.296000,HARD,56.0,1.0,,,78.296
ANT,57.0,0 days 00:01:18.511000,HARD,57.0,1.0,,,78.511
ANT,58.0,0 days 00:01:18.393000,HARD,58.0,1.0,,,78.393
ANT,59.0,0 days 00:01:19.056000,HARD,59.0,1.0,,,79.056
ANT,60.0,0 days 00:01:18.697000,HARD,60.0,1.0,,,78.697
ANT,61.0,0 days 00:01:18.590000,HARD,61.0,1.0,,,78.59
ANT,62.0,0 days 00:01:18.448000,HARD,62.0,1.0,,,78.448
ANT,63.0,0 days 00:01:18.884000,HARD,63.0,1.0,,,78.884
ANT,64.0,0 days 00:01:18.457000,HARD,64.0,1.0,,,78.457
ANT,65.0,0 days 00:01:17.696000,HARD,65.0,1.0,,,77.696
ANT,66.0,0 days 00:01:17.398000,HARD,66.0,1.0,,,77.398
ANT,67.0,0 days 00:01:15.551000,HARD,67.0,1.0,,,75.551
ANT,68.0,0 days 00:01:15.019000,HARD,68.0,1.0,,,75.019
ANT,73.0,0 days 00:01:13.651000,HARD,2.0,3.0,,,73.651
ANT,74.0,0 days 00:01:13.518000,HARD,3.0,3.0,,,73.518
ANT,75.0,0 days 00:01:14.834000,HARD,4.0,3.0,,,74.834
ALO,1.0,0 days 00:01:28.332000,HARD,2.0,1.0,,,88.332
ALO,2.0,0 days 00:01:47.072000,HARD,3.0,1.0,,,107.072
ALO,3.0,0 days 00:01:49.211000,HARD,4.0,1.0,,,109.211
ALO,4.0,0 days 00:01:39.675000,HARD,5.0,1.0,,,99.675
ALO,5.0,0 days 00:01:20.940000,HARD,6.0,1.0,,,80.94
ALO,6.0,0 days 00:01:20.424000,HARD,7.0,1.0,,,80.424
ALO,7.0,0 days 00:01:20.222000,HARD,8.0,1.0,,,80.222
ALO,8.0,0 days 00:01:19.105000,HARD,9.0,1.0,,,79.105
ALO,9.0,0 days 00:01:22.183000,HARD,10.0,1.0,,,82.183
ALO,10.0,0 days 00:01:20.167000,HARD,11.0,1.0,,,80.167
ALO,11.0,0 days 00:01:17.469000,HARD,12.0,1.0,,,77.469
ALO,12.0,0 days 00:01:17.319000,HARD,13.0,1.0,,,77.319
ALO,13.0,0 days 00:01:16.411000,HARD,14.0,1.0,,,76.411
ALO,14.0,0 days 00:01:16.295000,HARD,15.0,1.0,,,76.295
ALO,15.0,0 days 00:01:15.593000,HARD,16.0,1.0,,,75.593
ALO,18.0,0 days 00:01:16.840000,HARD,3.0,2.0,,,76.84
ALO,19.0,0 days 00:01:17.226000,HARD,4.0,2.0,,,77.226
ALO,20.0,0 days 00:01:17.267000,HARD,5.0,2.0,,,77.267
ALO,21.0,0 days 00:01:17.921000,HARD,6.0,2.0,,,77.921
ALO,22.0,0 days 00:01:18.938000,HARD,7.0,2.0,,,78.938
ALO,23.0,0 days 00:01:17.947000,HARD,8.0,2.0,,,77.947
ALO,24.0,0 days 00:01:17.748000,HARD,9.0,2.0,,,77.748
ALO,25.0,0 days 00:01:17.685000,HARD,10.0,2.0,,,77.685
ALO,26.0,0 days 00:01:16.293000,HARD,11.0,2.0,,,76.293
ALO,27.0,0 days 00:01:16.744000,HARD,12.0,2.0,,,76.744
ALO,28.0,0 days 00:01:16.414000,HARD,13.0,2.0,,,76.414
ALO,29.0,0 days 00:01:16.279000,HARD,14.0,2.0,,,76.279
ALO,30.0,0 days 00:01:17.307000,HARD,15.0,2.0,,,77.307
ALO,31.0,0 days 00:01:16.142000,HARD,16.0,2.0,,,76.142
ALO,32.0,0 days 00:01:16.088000,HARD,17.0,2.0,,,76.088
ALO,33.0,0 days 00:01:15.823000,HARD,18.0,2.0,,,75.823
ALO,34.0,0 days 00:01:17.347000,HARD,19.0,2.0,,,77.347
ALO,35.0,0 days 00:01:16.024000,HARD,20.0,2.0,,,76.024
ALO,36.0,0 days 00:01:16.200000,HARD,21.0,2.0,,,76.2
LEC,1.0,0 days 00:01:24.481000,MEDIUM,1.0,1.0,,,84.481
LEC,2.0,0 days 00:01:44.769000,MEDIUM,2.0,1.0,,,104.769
LEC,3.0,0 days 00:01:48.805000,MEDIUM,3.0,1.0,,,108.805
LEC,4.0,0 days 00:01:41.248000,MEDIUM,4.0,1.0,,,101.248
LEC,5.0,0 days 00:01:18.801000,MEDIUM,5.0,1.0,,,78.801
LEC,6.0,0 days 00:01:19.267000,MEDIUM,6.0,1.0,,,79.267
LEC,7.0,0 days 00:01:18.656000,MEDIUM,7.0,1.0,,,78.656
LEC,8.0,0 days 00:01:17.990000,MEDIUM,8.0,1.0,,,77.99
LEC,9.0,0 days 00:01:21.212000,MEDIUM,9.0,1.0,,,81.212
LEC,10.0,0 days 00:01:19.912000,MEDIUM,10.0,1.0,,,79.912
LEC,11.0,0 days 00:01:19.890000,MEDIUM,11.0,1.0,,,79.89
LEC,12.0,0 days 00:01:16.439000,MEDIUM,12.0,1.0,,,76.439
LEC,13.0,0 days 00:01:16.207000,MEDIUM,13.0,1.0,,,76.207
LEC,14.0,0 days 00:01:16.630000,MEDIUM,14.0,1.0,,,76.63
LEC,15.0,0 days 00:01:16.042000,MEDIUM,15.0,1.0,,,76.042
LEC,16.0,0 days 00:01:15.743000,MEDIUM,16.0,1.0,,,75.743
LEC,17.0,0 days 00:01:15.268000,MEDIUM,17.0,1.0,,,75.268
LEC,18.0,0 days 00:01:14.821000,MEDIUM,18.0,1.0,,,74.821
LEC,19.0,0 days 00:01:15.516000,MEDIUM,19.0,1.0,,,75.516
LEC,20.0,0 days 00:01:14.807000,MEDIUM,20.0,1.0,,,74.807
LEC,21.0,0 days 00:01:15.782000,MEDIUM,21.0,1.0,,,75.782
LEC,24.0,0 days 00:01:16.020000,HARD,2.0,2.0,,,76.02
LEC,25.0,0 days 00:01:14.618000,HARD,3.0,2.0,,,74.618
LEC,26.0,0 days 00:01:14.714000,HARD,4.0,2.0,,,74.714
LEC,27.0,0 days 00:01:14.819000,HARD,5.0,2.0,,,74.819
LEC,28.0,0 days 00:01:14.849000,HARD,6.0,2.0,,,74.849
LEC,29.0,0 days 00:01:14.205000,HARD,7.0,2.0,,,74.205
LEC,30.0,0 days 00:01:15.131000,HARD,8.0,2.0,,,75.131
LEC,31.0,0 days 00:01:16.773000,HARD,9.0,2.0,,,76.773
LEC,32.0,0 days 00:01:16.418000,HARD,10.0,2.0,,,76.418
LEC,33.0,0 days 00:01:15.515000,HARD,11.0,2.0,,,75.515
LEC,34.0,0 days 00:01:14.980000,HARD,12.0,2.0,,,74.98
LEC,35.0,0 days 00:01:14.349000,HARD,13.0,2.0,,,74.349
LEC,36.0,0 days 00:01:14.055000,HARD,14.0,2.0,,,74.055
LEC,37.0,0 days 00:01:14.105000,HARD,15.0,2.0,,,74.105
LEC,38.0,0 days 00:01:14.570000,HARD,16.0,2.0,,,74.57
LEC,39.0,0 days 00:01:14.140000,HARD,17.0,2.0,,,74.14
LEC,40.0,0 days 00:01:14.056000,HARD,18.0,2.0,,,74.056
LEC,41.0,0 days 00:01:14.835000,HARD,19.0,2.0,,,74.835
LEC,42.0,0 days 00:01:15.133000,HARD,20.0,2.0,,,75.133
LEC,43.0,0 days 00:01:14.556000,HARD,21.0,2.0,,,74.556
LEC,44.0,0 days 00:01:14.265000,HARD,22.0,2.0,,,74.265
LEC,45.0,0 days 00:01:14.210000,HARD,23.0,2.0,,,74.21
LEC,46.0,0 days 00:01:14.339000,HARD,24.0,2.0,,,74.339
LEC,47.0,0 days 00:01:14.534000,HARD,25.0,2.0,,,74.534
LEC,48.0,0 days 00:01:14.731000,HARD,26.0,2.0,,,74.731
LEC,51.0,0 days 00:01:14.368000,MEDIUM,5.0,3.0,,,74.368
LEC,52.0,0 days 00:01:14.421000,MEDIUM,6.0,3.0,,,74.421
LEC,53.0,0 days 00:01:15.407000,MEDIUM,7.0,3.0,,,75.407
LEC,54.0,0 days 00:01:17.108000,MEDIUM,8.0,3.0,,,77.108
LEC,55.0,0 days 00:01:14.497000,MEDIUM,9.0,3.0,,,74.497
LEC,56.0,0 days 00:01:14.342000,MEDIUM,10.0,3.0,,,74.342
LEC,57.0,0 days 00:01:14.442000,MEDIUM,11.0,3.0,,,74.442
LEC,58.0,0 days 00:01:14.566000,MEDIUM,12.0,3.0,,,74.566
LEC,59.0,0 days 00:01:14.707000,MEDIUM,13.0,3.0,,,74.707
LEC,60.0,0 days 00:01:15.441000,MEDIUM,14.0,3.0,,,75.441
LEC,61.0,0 days 00:01:15.405000,MEDIUM,15.0,3.0,,,75.405
LEC,62.0,0 days 00:01:15.646000,MEDIUM,16.0,3.0,,,75.646
LEC,63.0,0 days 00:01:15.365000,MEDIUM,17.0,3.0,,,75.365
LEC,64.0,0 days 00:01:15.269000,MEDIUM,18.0,3.0,,,75.269
LEC,65.0,0 days 00:01:15.395000,MEDIUM,19.0,3.0,,,75.395
LEC,66.0,0 days 00:01:14.915000,MEDIUM,20.0,3.0,,,74.915
LEC,67.0,0 days 00:01:14.925000,MEDIUM,21.0,3.0,,,74.925
LEC,68.0,0 days 00:01:15.636000,MEDIUM,22.0,3.0,,,75.636
LEC,69.0,0 days 00:01:16.104000,MEDIUM,23.0,3.0,,,76.104
LEC,70.0,0 days 00:01:16.050000,MEDIUM,24.0,3.0,,,76.05
LEC,71.0,0 days 00:01:16.310000,MEDIUM,25.0,3.0,,,76.31
LEC,72.0,0 days 00:01:16.479000,MEDIUM,26.0,3.0,,,76.479
LEC,73.0,0 days 00:01:16.349000,MEDIUM,27.0,3.0,,,76.349
LEC,74.0,0 days 00:01:16.248000,MEDIUM,28.0,3.0,,,76.248
LEC,75.0,0 days 00:01:16.343000,MEDIUM,29.0,3.0,,,76.343
LEC,76.0,0 days 00:01:15.963000,MEDIUM,30.0,3.0,,,75.963
LEC,77.0,0 days 00:01:16.110000,MEDIUM,31.0,3.0,,,76.11
LEC,78.0,0 days 00:01:15.369000,MEDIUM,32.0,3.0,,,75.369
STR,1.0,0 days 00:01:38.018000,HARD,2.0,1.0,,,98.018
STR,2.0,0 days 00:01:49.806000,HARD,3.0,1.0,,,109.806
STR,3.0,0 days 00:01:49.353000,HARD,4.0,1.0,,,109.353
STR,4.0,0 days 00:01:36.353000,HARD,5.0,1.0,,,96.353
STR,5.0,0 days 00:01:20.285000,HARD,6.0,1.0,,,80.285
STR,6.0,0 days 00:01:20.306000,HARD,7.0,1.0,,,80.306
STR,7.0,0 days 00:01:21.196000,HARD,8.0,1.0,,,81.196
STR,8.0,0 days 00:01:21.663000,HARD,9.0,1.0,,,81.663
STR,9.0,0 days 00:01:22.321000,HARD,10.0,1.0,,,82.321
STR,10.0,0 days 00:01:21.708000,HARD,11.0,1.0,,,81.708
STR,11.0,0 days 00:01:20.118000,HARD,12.0,1.0,,,80.118
STR,12.0,0 days 00:01:19.565000,HARD,13.0,1.0,,,79.565
STR,13.0,0 days 00:01:19.387000,HARD,14.0,1.0,,,79.387
STR,14.0,0 days 00:01:18.472000,HARD,15.0,1.0,,,78.472
STR,15.0,0 days 00:01:19.347000,HARD,16.0,1.0,,,79.347
STR,16.0,0 days 00:01:20.446000,HARD,17.0,1.0,,,80.446
STR,19.0,0 days 00:01:16.581000,HARD,3.0,2.0,,,76.581
STR,20.0,0 days 00:01:16.433000,HARD,4.0,2.0,,,76.433
STR,21.0,0 days 00:01:16.907000,HARD,5.0,2.0,,,76.907
STR,22.0,0 days 00:01:16.673000,HARD,6.0,2.0,,,76.673
STR,23.0,0 days 00:01:16.579000,HARD,7.0,2.0,,,76.579
STR,24.0,0 days 00:01:17.042000,HARD,8.0,2.0,,,77.042
STR,25.0,0 days 00:01:17.241000,HARD,9.0,2.0,,,77.241
STR,26.0,0 days 00:01:18.901000,HARD,10.0,2.0,,,78.901
STR,27.0,0 days 00:01:17.027000,HARD,11.0,2.0,,,77.027
STR,28.0,0 days 00:01:17.272000,HARD,12.0,2.0,,,77.272
STR,29.0,0 days 00:01:20.119000,HARD,13.0,2.0,,,80.119
STR,30.0,0 days 00:01:20.246000,HARD,14.0,2.0,,,80.246
STR,31.0,0 days 00:01:19.721000,HARD,15.0,2.0,,,79.721
STR,32.0,0 days 00:01:20.498000,HARD,16.0,2.0,,,80.498
STR,33.0,0 days 00:01:18.230000,HARD,17.0,2.0,,,78.23
STR,34.0,0 days 00:01:20.199000,HARD,18.0,2.0,,,80.199
STR,35.0,0 days 00:01:18.217000,HARD,19.0,2.0,,,78.217
STR,36.0,0 days 00:01:18.912000,HARD,20.0,2.0,,,78.912
STR,37.0,0 days 00:01:18.946000,HARD,21.0,2.0,,,78.946
STR,38.0,0 days 00:01:18.252000,HARD,22.0,2.0,,,78.252
STR,39.0,0 days 00:01:18.805000,HARD,23.0,2.0,,,78.805
STR,40.0,0 days 00:01:18.785000,HARD,24.0,2.0,,,78.785
STR,41.0,0 days 00:01:18.701000,HARD,25.0,2.0,,,78.701
STR,42.0,0 days 00:01:17.363000,HARD,26.0,2.0,,,77.363
STR,43.0,0 days 00:01:17.762000,HARD,27.0,2.0,,,77.762
STR,44.0,0 days 00:01:18.615000,HARD,28.0,2.0,,,78.615
STR,45.0,0 days 00:01:19.045000,HARD,29.0,2.0,,,79.045
STR,46.0,0 days 00:01:19.020000,HARD,30.0,2.0,,,79.02
STR,47.0,0 days 00:01:20.384000,HARD,31.0,2.0,,,80.384
STR,48.0,0 days 00:01:18.618000,HARD,32.0,2.0,,,78.618
STR,49.0,0 days 00:01:18.251000,HARD,33.0,2.0,,,78.251
STR,50.0,0 days 00:01:19.001000,HARD,34.0,2.0,,,79.001
STR,51.0,0 days 00:01:20.289000,HARD,35.0,2.0,,,80.289
STR,52.0,0 days 00:01:22.255000,HARD,36.0,2.0,,,82.255
STR,53.0,0 days 00:01:18.963000,HARD,37.0,2.0,,,78.963
STR,54.0,0 days 00:01:19.793000,HARD,38.0,2.0,,,79.793
STR,55.0,0 days 00:01:18.805000,HARD,39.0,2.0,,,78.805
STR,56.0,0 days 00:01:18.365000,HARD,40.0,2.0,,,78.365
STR,57.0,0 days 00:01:18.494000,HARD,41.0,2.0,,,78.494
STR,58.0,0 days 00:01:18.116000,HARD,42.0,2.0,,,78.116
STR,59.0,0 days 00:01:19.183000,HARD,43.0,2.0,,,79.183
STR,60.0,0 days 00:01:18.580000,HARD,44.0,2.0,,,78.58
STR,61.0,0 days 00:01:18.751000,HARD,45.0,2.0,,,78.751
STR,62.0,0 days 00:01:18.282000,HARD,46.0,2.0,,,78.282
STR,63.0,0 days 00:01:18.974000,HARD,47.0,2.0,,,78.974
STR,66.0,0 days 00:01:14.886000,MEDIUM,3.0,3.0,,,74.886
STR,67.0,0 days 00:01:14.877000,MEDIUM,4.0,3.0,,,74.877
STR,68.0,0 days 00:01:15.326000,MEDIUM,5.0,3.0,,,75.326
STR,69.0,0 days 00:01:15.247000,MEDIUM,6.0,3.0,,,75.247
STR,70.0,0 days 00:01:16.215000,MEDIUM,7.0,3.0,,,76.215
STR,71.0,0 days 00:01:16.555000,MEDIUM,8.0,3.0,,,76.555
STR,72.0,0 days 00:01:16.161000,MEDIUM,9.0,3.0,,,76.161
STR,73.0,0 days 00:01:15.952000,MEDIUM,10.0,3.0,,,75.952
STR,74.0,0 days 00:01:17.061000,MEDIUM,11.0,3.0,,,77.061
STR,75.0,0 days 00:01:16.313000,MEDIUM,12.0,3.0,,,76.313
STR,76.0,0 days 00:01:17.596000,MEDIUM,13.0,3.0,,,77.596
TSU,3.0,0 days 00:01:48.545000,HARD,2.0,2.0,,,108.545
TSU,4.0,0 days 00:01:33.097000,HARD,3.0,2.0,,,93.097
TSU,5.0,0 days 00:01:18.663000,HARD,4.0,2.0,,,78.663
TSU,6.0,0 days 00:01:18.281000,HARD,5.0,2.0,,,78.281
TSU,7.0,0 days 00:01:19.157000,HARD,6.0,2.0,,,79.157
TSU,8.0,0 days 00:01:23.351000,HARD,7.0,2.0,,,83.351
TSU,9.0,0 days 00:01:19.611000,HARD,8.0,2.0,,,79.611
TSU,10.0,0 days 00:01:21.823000,HARD,9.0,2.0,,,81.823
TSU,11.0,0 days 00:01:20.088000,HARD,10.0,2.0,,,80.088
TSU,12.0,0 days 00:01:19.637000,HARD,11.0,2.0,,,79.637
TSU,13.0,0 days 00:01:19.301000,HARD,12.0,2.0,,,79.301
TSU,14.0,0 days 00:01:18.775000,HARD,13.0,2.0,,,78.775
TSU,15.0,0 days 00:01:19.086000,HARD,14.0,2.0,,,79.086
TSU,16.0,0 days 00:01:20.444000,HARD,15.0,2.0,,,80.444
TSU,17.0,0 days 00:01:21.081000,HARD,16.0,2.0,,,81.081
TSU,18.0,0 days 00:01:19.608000,HARD,17.0,2.0,,,79.608
TSU,19.0,0 days 00:01:19.752000,HARD,18.0,2.0,,,79.752
TSU,20.0,0 days 00:01:18.896000,HARD,19.0,2.0,,,78.896
TSU,21.0,0 days 00:01:17.885000,HARD,20.0,2.0,,,77.885
TSU,22.0,0 days 00:01:17.395000,HARD,21.0,2.0,,,77.395
TSU,23.0,0 days 00:01:16.933000,HARD,22.0,2.0,,,76.933
TSU,24.0,0 days 00:01:17.026000,HARD,23.0,2.0,,,77.026
TSU,25.0,0 days 00:01:18.413000,HARD,24.0,2.0,,,78.413
TSU,26.0,0 days 00:01:19.530000,HARD,25.0,2.0,,,79.53
TSU,27.0,0 days 00:01:19.565000,HARD,26.0,2.0,,,79.565
TSU,28.0,0 days 00:01:19.786000,HARD,27.0,2.0,,,79.786
TSU,29.0,0 days 00:01:19.313000,HARD,28.0,2.0,,,79.313
TSU,30.0,0 days 00:01:20.165000,HARD,29.0,2.0,,,80.165
TSU,31.0,0 days 00:01:20.088000,HARD,30.0,2.0,,,80.088
TSU,32.0,0 days 00:01:20.951000,HARD,31.0,2.0,,,80.951
TSU,33.0,0 days 00:01:18.035000,HARD,32.0,2.0,,,78.035
TSU,34.0,0 days 00:01:18.623000,HARD,33.0,2.0,,,78.623
TSU,35.0,0 days 00:01:20.269000,HARD,34.0,2.0,,,80.269
TSU,36.0,0 days 00:01:18.945000,HARD,35.0,2.0,,,78.945
TSU,37.0,0 days 00:01:18.933000,HARD,36.0,2.0,,,78.933
TSU,38.0,0 days 00:01:18.168000,HARD,37.0,2.0,,,78.168
TSU,39.0,0 days 00:01:18.879000,HARD,38.0,2.0,,,78.879
TSU,40.0,0 days 00:01:18.913000,HARD,39.0,2.0,,,78.913
TSU,41.0,0 days 00:01:18.272000,HARD,40.0,2.0,,,78.272
TSU,42.0,0 days 00:01:17.292000,HARD,41.0,2.0,,,77.292
TSU,43.0,0 days 00:01:18.050000,HARD,42.0,2.0,,,78.05
TSU,44.0,0 days 00:01:18.827000,HARD,43.0,2.0,,,78.827
TSU,45.0,0 days 00:01:19.266000,HARD,44.0,2.0,,,79.266
TSU,46.0,0 days 00:01:19.246000,HARD,45.0,2.0,,,79.246
TSU,47.0,0 days 00:01:20.203000,HARD,46.0,2.0,,,80.203
TSU,48.0,0 days 00:01:18.979000,HARD,47.0,2.0,,,78.979
TSU,49.0,0 days 00:01:17.998000,HARD,48.0,2.0,,,77.998
TSU,50.0,0 days 00:01:19.205000,HARD,49.0,2.0,,,79.205
TSU,51.0,0 days 00:01:20.267000,HARD,50.0,2.0,,,80.267
TSU,52.0,0 days 00:01:21.891000,HARD,51.0,2.0,,,81.891
TSU,53.0,0 days 00:01:19.395000,HARD,52.0,2.0,,,79.395
TSU,54.0,0 days 00:01:19.566000,HARD,53.0,2.0,,,79.566
TSU,55.0,0 days 00:01:18.811000,HARD,54.0,2.0,,,78.811
TSU,56.0,0 days 00:01:18.408000,HARD,55.0,2.0,,,78.408
TSU,57.0,0 days 00:01:18.497000,HARD,56.0,2.0,,,78.497
TSU,58.0,0 days 00:01:18.253000,HARD,57.0,2.0,,,78.253
TSU,59.0,0 days 00:01:19.028000,HARD,58.0,2.0,,,79.028
TSU,60.0,0 days 00:01:18.810000,HARD,59.0,2.0,,,78.81
TSU,61.0,0 days 00:01:18.547000,HARD,60.0,2.0,,,78.547
TSU,62.0,0 days 00:01:18.430000,HARD,61.0,2.0,,,78.43
TSU,63.0,0 days 00:01:18.923000,HARD,62.0,2.0,,,78.923
TSU,64.0,0 days 00:01:18.512000,HARD,63.0,2.0,,,78.512
TSU,65.0,0 days 00:01:17.611000,HARD,64.0,2.0,,,77.611
TSU,66.0,0 days 00:01:17.610000,HARD,65.0,2.0,,,77.61
TSU,67.0,0 days 00:01:15.969000,HARD,66.0,2.0,,,75.969
TSU,68.0,0 days 00:01:15.966000,HARD,67.0,2.0,,,75.966
TSU,69.0,0 days 00:01:18.332000,HARD,68.0,2.0,,,78.332
TSU,70.0,0 days 00:01:16.046000,HARD,69.0,2.0,,,76.046
TSU,71.0,0 days 00:01:15.607000,HARD,70.0,2.0,,,75.607
TSU,72.0,0 days 00:01:15.320000,HARD,71.0,2.0,,,75.32
TSU,75.0,0 days 00:01:14.913000,MEDIUM,2.0,3.0,,,74.913
TSU,76.0,0 days 00:01:15.886000,MEDIUM,3.0,3.0,,,75.886
ALB,1.0,0 days 00:01:31.479000,MEDIUM,5.0,1.0,,,91.479
ALB,2.0,0 days 00:01:52.152000,MEDIUM,6.0,1.0,,,112.152
ALB,3.0,0 days 00:01:48.346000,MEDIUM,7.0,1.0,,,108.346
ALB,4.0,0 days 00:01:36.006000,MEDIUM,8.0,1.0,,,96.006
ALB,5.0,0 days 00:01:20.465000,MEDIUM,9.0,1.0,,,80.465
ALB,6.0,0 days 00:01:21.426000,MEDIUM,10.0,1.0,,,81.426
ALB,7.0,0 days 00:01:21.287000,MEDIUM,11.0,1.0,,,81.287
ALB,8.0,0 days 00:01:20.471000,MEDIUM,12.0,1.0,,,80.471
ALB,9.0,0 days 00:01:24.151000,MEDIUM,13.0,1.0,,,84.151
ALB,10.0,0 days 00:01:21.528000,MEDIUM,14.0,1.0,,,81.528
ALB,11.0,0 days 00:01:19.447000,MEDIUM,15.0,1.0,,,79.447
ALB,12.0,0 days 00:01:19.660000,MEDIUM,16.0,1.0,,,79.66
ALB,13.0,0 days 00:01:19.244000,MEDIUM,17.0,1.0,,,79.244
ALB,14.0,0 days 00:01:19.817000,MEDIUM,18.0,1.0,,,79.817
ALB,15.0,0 days 00:01:20.143000,MEDIUM,19.0,1.0,,,80.143
ALB,16.0,0 days 00:01:20.692000,MEDIUM,20.0,1.0,,,80.692
ALB,17.0,0 days 00:01:20.978000,MEDIUM,21.0,1.0,,,80.978
ALB,18.0,0 days 00:01:20.235000,MEDIUM,22.0,1.0,,,80.235
ALB,19.0,0 days 00:01:19.279000,MEDIUM,23.0,1.0,,,79.279
ALB,20.0,0 days 00:01:17.928000,MEDIUM,24.0,1.0,,,77.928
ALB,21.0,0 days 00:01:17.096000,MEDIUM,25.0,1.0,,,77.096
ALB,22.0,0 days 00:01:17.001000,MEDIUM,26.0,1.0,,,77.001
ALB,23.0,0 days 00:01:16.556000,MEDIUM,27.0,1.0,,,76.556
ALB,24.0,0 days 00:01:16.954000,MEDIUM,28.0,1.0,,,76.954
ALB,25.0,0 days 00:01:17.653000,MEDIUM,29.0,1.0,,,77.653
ALB,26.0,0 days 00:01:17.264000,MEDIUM,30.0,1.0,,,77.264
ALB,27.0,0 days 00:01:17.185000,MEDIUM,31.0,1.0,,,77.185
ALB,28.0,0 days 00:01:16.701000,MEDIUM,32.0,1.0,,,76.701
ALB,29.0,0 days 00:01:16.969000,MEDIUM,33.0,1.0,,,76.969
ALB,30.0,0 days 00:01:16.888000,MEDIUM,34.0,1.0,,,76.888
ALB,31.0,0 days 00:01:16.870000,MEDIUM,35.0,1.0,,,76.87
ALB,34.0,0 days 00:01:20.232000,MEDIUM,10.0,2.0,,,80.232
ALB,35.0,0 days 00:01:16.381000,MEDIUM,11.0,2.0,,,76.381
ALB,36.0,0 days 00:01:16.185000,MEDIUM,12.0,2.0,,,76.185
ALB,37.0,0 days 00:01:16.153000,MEDIUM,13.0,2.0,,,76.153
ALB,38.0,0 days 00:01:15.529000,MEDIUM,14.0,2.0,,,75.529
ALB,39.0,0 days 00:01:15.303000,MEDIUM,15.0,2.0,,,75.303
ALB,42.0,0 days 00:01:18.819000,HARD,2.0,3.0,,,78.819
ALB,43.0,0 days 00:01:18.638000,HARD,3.0,3.0,,,78.638
ALB,44.0,0 days 00:01:19.225000,HARD,4.0,3.0,,,79.225
ALB,45.0,0 days 00:01:19.224000,HARD,5.0,3.0,,,79.224
ALB,46.0,0 days 00:01:19.332000,HARD,6.0,3.0,,,79.332
ALB,47.0,0 days 00:01:19.173000,HARD,7.0,3.0,,,79.173
ALB,48.0,0 days 00:01:20.193000,HARD,8.0,3.0,,,80.193
ALB,49.0,0 days 00:01:18.234000,HARD,9.0,3.0,,,78.234
ALB,50.0,0 days 00:01:19.166000,HARD,10.0,3.0,,,79.166
ALB,51.0,0 days 00:01:19.828000,HARD,11.0,3.0,,,79.828
ALB,52.0,0 days 00:01:20.130000,HARD,12.0,3.0,,,80.13
ALB,53.0,0 days 00:01:19.403000,HARD,13.0,3.0,,,79.403
ALB,54.0,0 days 00:01:17.389000,HARD,14.0,3.0,,,77.389
ALB,55.0,0 days 00:01:17.086000,HARD,15.0,3.0,,,77.086
ALB,56.0,0 days 00:01:19.159000,HARD,16.0,3.0,,,79.159
ALB,57.0,0 days 00:01:16.136000,HARD,17.0,3.0,,,76.136
ALB,58.0,0 days 00:01:15.795000,HARD,18.0,3.0,,,75.795
ALB,59.0,0 days 00:01:15.509000,HARD,19.0,3.0,,,75.509
ALB,60.0,0 days 00:01:15.726000,HARD,20.0,3.0,,,75.726
ALB,61.0,0 days 00:01:16.046000,HARD,21.0,3.0,,,76.046
ALB,62.0,0 days 00:01:16.370000,HARD,22.0,3.0,,,76.37
ALB,63.0,0 days 00:01:15.082000,HARD,23.0,3.0,,,75.082
ALB,64.0,0 days 00:01:16.228000,HARD,24.0,3.0,,,76.228
ALB,65.0,0 days 00:01:15.156000,HARD,25.0,3.0,,,75.156
ALB,66.0,0 days 00:01:14.870000,HARD,26.0,3.0,,,74.87
ALB,67.0,0 days 00:01:14.928000,HARD,27.0,3.0,,,74.928
ALB,68.0,0 days 00:01:14.885000,HARD,28.0,3.0,,,74.885
ALB,69.0,0 days 00:01:16.790000,HARD,29.0,3.0,,,76.79
ALB,70.0,0 days 00:01:16.010000,HARD,30.0,3.0,,,76.01
ALB,71.0,0 days 00:01:15.751000,HARD,31.0,3.0,,,75.751
ALB,72.0,0 days 00:01:15.870000,HARD,32.0,3.0,,,75.87
ALB,73.0,0 days 00:01:15.150000,HARD,33.0,3.0,,,75.15
ALB,74.0,0 days 00:01:14.597000,HARD,34.0,3.0,,,74.597
ALB,75.0,0 days 00:01:14.600000,HARD,35.0,3.0,,,74.6
ALB,76.0,0 days 00:01:14.776000,HARD,36.0,3.0,,,74.776
HUL,1.0,0 days 00:01:32.788000,MEDIUM,1.0,1.0,,,92.788
HUL,2.0,0 days 00:01:52.404000,MEDIUM,2.0,1.0,,,112.404
HUL,3.0,0 days 00:01:48.106000,MEDIUM,3.0,1.0,,,108.106
HUL,4.0,0 days 00:01:36.696000,MEDIUM,4.0,1.0,,,96.696
HUL,5.0,0 days 00:01:20.475000,MEDIUM,5.0,1.0,,,80.475
HUL,6.0,0 days 00:01:20.974000,MEDIUM,6.0,1.0,,,80.974
HUL,7.0,0 days 00:01:21.264000,MEDIUM,7.0,1.0,,,81.264
HUL,8.0,0 days 00:01:20.300000,MEDIUM,8.0,1.0,,,80.3
HUL,9.0,0 days 00:01:24.031000,MEDIUM,9.0,1.0,,,84.031
HUL,10.0,0 days 00:01:21.507000,MEDIUM,10.0,1.0,,,81.507
HUL,11.0,0 days 00:01:19.404000,MEDIUM,11.0,1.0,,,79.404
HUL,14.0,0 days 00:01:16.106000,HARD,2.0,2.0,,,76.106
HUL,15.0,0 days 00:01:16.553000,HARD,3.0,2.0,,,76.553
HUL,16.0,0 days 00:01:18.317000,HARD,4.0,2.0,,,78.317
HUL,17.0,0 days 00:01:19.969000,HARD,5.0,2.0,,,79.969
HUL,18.0,0 days 00:01:18.044000,HARD,6.0,2.0,,,78.044
HUL,19.0,0 days 00:01:19.058000,HARD,7.0,2.0,,,79.058
HUL,20.0,0 days 00:01:19.381000,HARD,8.0,2.0,,,79.381
HUL,21.0,0 days 00:01:18.150000,HARD,9.0,2.0,,,78.15
HUL,22.0,0 days 00:01:17.509000,HARD,10.0,2.0,,,77.509
HUL,23.0,0 days 00:01:17.557000,HARD,11.0,2.0,,,77.557
HUL,24.0,0 days 00:01:17.055000,HARD,12.0,2.0,,,77.055
HUL,25.0,0 days 00:01:17.538000,HARD,13.0,2.0,,,77.538
HUL,26.0,0 days 00:01:18.724000,HARD,14.0,2.0,,,78.724
HUL,27.0,0 days 00:01:19.472000,HARD,15.0,2.0,,,79.472
HUL,28.0,0 days 00:01:19.264000,HARD,16.0,2.0,,,79.264
HUL,29.0,0 days 00:01:19.749000,HARD,17.0,2.0,,,79.749
HUL,30.0,0 days 00:01:20.392000,HARD,18.0,2.0,,,80.392
HUL,31.0,0 days 00:01:19.889000,HARD,19.0,2.0,,,79.889
HUL,32.0,0 days 00:01:20.602000,HARD,20.0,2.0,,,80.602
HUL,33.0,0 days 00:01:17.840000,HARD,21.0,2.0,,,77.84
HUL,34.0,0 days 00:01:18.400000,HARD,22.0,2.0,,,78.4
HUL,35.0,0 days 00:01:20.594000,HARD,23.0,2.0,,,80.594
HUL,36.0,0 days 00:01:18.642000,HARD,24.0,2.0,,,78.642
HUL,37.0,0 days 00:01:18.904000,HARD,25.0,2.0,,,78.904
HUL,38.0,0 days 00:01:18.272000,HARD,26.0,2.0,,,78.272
HUL,39.0,0 days 00:01:18.876000,HARD,27.0,2.0,,,78.876
HUL,40.0,0 days 00:01:18.804000,HARD,28.0,2.0,,,78.804
HUL,41.0,0 days 00:01:18.575000,HARD,29.0,2.0,,,78.575
HUL,42.0,0 days 00:01:17.315000,HARD,30.0,2.0,,,77.315
HUL,43.0,0 days 00:01:17.929000,HARD,31.0,2.0,,,77.929
HUL,46.0,0 days 00:01:15.909000,SOFT,2.0,3.0,,,75.909
HUL,47.0,0 days 00:01:15.223000,SOFT,3.0,3.0,,,75.223
HUL,48.0,0 days 00:01:16.246000,SOFT,4.0,3.0,,,76.246
HUL,49.0,0 days 00:01:18.676000,SOFT,5.0,3.0,,,78.676
HUL,50.0,0 days 00:01:16.425000,SOFT,6.0,3.0,,,76.425
HUL,51.0,0 days 00:01:21.177000,SOFT,7.0,3.0,,,81.177
HUL,52.0,0 days 00:01:20.376000,SOFT,8.0,3.0,,,80.376
HUL,53.0,0 days 00:01:19.628000,SOFT,9.0,3.0,,,79.628
HUL,54.0,0 days 00:01:18.841000,SOFT,10.0,3.0,,,78.841
HUL,55.0,0 days 00:01:19.155000,SOFT,11.0,3.0,,,79.155
HUL,56.0,0 days 00:01:17.976000,SOFT,12.0,3.0,,,77.976
HUL,57.0,0 days 00:01:18.661000,SOFT,13.0,3.0,,,78.661
HUL,58.0,0 days 00:01:17.942000,SOFT,14.0,3.0,,,77.942
HUL,59.0,0 days 00:01:19.287000,SOFT,15.0,3.0,,,79.287
HUL,60.0,0 days 00:01:18.508000,SOFT,16.0,3.0,,,78.508
HUL,61.0,0 days 00:01:19.041000,SOFT,17.0,3.0,,,79.041
HUL,62.0,0 days 00:01:21.565000,SOFT,18.0,3.0,,,81.565
HUL,63.0,0 days 00:01:19.206000,SOFT,19.0,3.0,,,79.206
HUL,64.0,0 days 00:01:20.147000,SOFT,20.0,3.0,,,80.147
HUL,65.0,0 days 00:01:17.571000,SOFT,21.0,3.0,,,77.571
HUL,66.0,0 days 00:01:16.934000,SOFT,22.0,3.0,,,76.934
HUL,67.0,0 days 00:01:17.445000,SOFT,23.0,3.0,,,77.445
HUL,68.0,0 days 00:01:17.717000,SOFT,24.0,3.0,,,77.717
HUL,69.0,0 days 00:01:16.974000,SOFT,25.0,3.0,,,76.974
HUL,70.0,0 days 00:01:16.741000,SOFT,26.0,3.0,,,76.741
HUL,71.0,0 days 00:01:16.602000,SOFT,27.0,3.0,,,76.602
HUL,72.0,0 days 00:01:16.682000,SOFT,28.0,3.0,,,76.682
HUL,73.0,0 days 00:01:16.717000,SOFT,29.0,3.0,,,76.717
HUL,74.0,0 days 00:01:17.411000,SOFT,30.0,3.0,,,77.411
HUL,75.0,0 days 00:01:16.504000,SOFT,31.0,3.0,,,76.504
HUL,76.0,0 days 00:01:18.954000,SOFT,32.0,3.0,,,78.954
LAW,1.0,0 days 00:01:30.523000,MEDIUM,1.0,1.0,,,90.523
LAW,2.0,0 days 00:01:52.308000,MEDIUM,2.0,1.0,,,112.308
LAW,3.0,0 days 00:01:48.504000,MEDIUM,3.0,1.0,,,108.504
LAW,4.0,0 days 00:01:35.354000,MEDIUM,4.0,1.0,,,95.354
LAW,5.0,0 days 00:01:20.766000,MEDIUM,5.0,1.0,,,80.766
LAW,6.0,0 days 00:01:21.542000,MEDIUM,6.0,1.0,,,81.542
LAW,7.0,0 days 00:01:21.507000,MEDIUM,7.0,1.0,,,81.507
LAW,8.0,0 days 00:01:20.351000,MEDIUM,8.0,1.0,,,80.351
LAW,9.0,0 days 00:01:24.550000,MEDIUM,9.0,1.0,,,84.55
LAW,10.0,0 days 00:01:21.421000,MEDIUM,10.0,1.0,,,81.421
LAW,11.0,0 days 00:01:19.348000,MEDIUM,11.0,1.0,,,79.348
LAW,12.0,0 days 00:01:19.771000,MEDIUM,12.0,1.0,,,79.771
LAW,13.0,0 days 00:01:19.391000,MEDIUM,13.0,1.0,,,79.391
LAW,14.0,0 days 00:01:19.572000,MEDIUM,14.0,1.0,,,79.572
LAW,15.0,0 days 00:01:20.161000,MEDIUM,15.0,1.0,,,80.161
LAW,16.0,0 days 00:01:20.692000,MEDIUM,16.0,1.0,,,80.692
LAW,17.0,0 days 00:01:20.979000,MEDIUM,17.0,1.0,,,80.979
LAW,18.0,0 days 00:01:20.225000,MEDIUM,18.0,1.0,,,80.225
LAW,19.0,0 days 00:01:19.333000,MEDIUM,19.0,1.0,,,79.333
LAW,20.0,0 days 00:01:17.398000,MEDIUM,20.0,1.0,,,77.398
LAW,21.0,0 days 00:01:17.057000,MEDIUM,21.0,1.0,,,77.057
LAW,22.0,0 days 00:01:16.734000,MEDIUM,22.0,1.0,,,76.734
LAW,23.0,0 days 00:01:16.784000,MEDIUM,23.0,1.0,,,76.784
LAW,24.0,0 days 00:01:16.712000,MEDIUM,24.0,1.0,,,76.712
LAW,25.0,0 days 00:01:17.590000,MEDIUM,25.0,1.0,,,77.59
LAW,26.0,0 days 00:01:17.456000,MEDIUM,26.0,1.0,,,77.456
LAW,27.0,0 days 00:01:17.040000,MEDIUM,27.0,1.0,,,77.04
LAW,28.0,0 days 00:01:16.902000,MEDIUM,28.0,1.0,,,76.902
LAW,29.0,0 days 00:01:16.740000,MEDIUM,29.0,1.0,,,76.74
LAW,30.0,0 days 00:01:16.607000,MEDIUM,30.0,1.0,,,76.607
LAW,33.0,0 days 00:01:18.285000,SOFT,5.0,2.0,,,78.285
LAW,34.0,0 days 00:01:16.425000,SOFT,6.0,2.0,,,76.425
LAW,35.0,0 days 00:01:15.942000,SOFT,7.0,2.0,,,75.942
LAW,36.0,0 days 00:01:20.271000,SOFT,8.0,2.0,,,80.271
LAW,37.0,0 days 00:01:15.890000,SOFT,9.0,2.0,,,75.89
LAW,38.0,0 days 00:01:15.964000,SOFT,10.0,2.0,,,75.964
LAW,39.0,0 days 00:01:15.800000,SOFT,11.0,2.0,,,75.8
LAW,42.0,0 days 00:01:16.743000,HARD,3.0,3.0,,,76.743
LAW,43.0,0 days 00:01:15.931000,HARD,4.0,3.0,,,75.931
LAW,44.0,0 days 00:01:15.958000,HARD,5.0,3.0,,,75.958
LAW,45.0,0 days 00:01:15.605000,HARD,6.0,3.0,,,75.605
LAW,46.0,0 days 00:01:15.476000,HARD,7.0,3.0,,,75.476
LAW,47.0,0 days 00:01:15.461000,HARD,8.0,3.0,,,75.461
LAW,48.0,0 days 00:01:15.418000,HARD,9.0,3.0,,,75.418
LAW,49.0,0 days 00:01:15.567000,HARD,10.0,3.0,,,75.567
LAW,50.0,0 days 00:01:15.479000,HARD,11.0,3.0,,,75.479
LAW,51.0,0 days 00:01:15.399000,HARD,12.0,3.0,,,75.399
LAW,52.0,0 days 00:01:15.377000,HARD,13.0,3.0,,,75.377
LAW,53.0,0 days 00:01:15.356000,HARD,14.0,3.0,,,75.356
LAW,54.0,0 days 00:01:15.321000,HARD,15.0,3.0,,,75.321
LAW,55.0,0 days 00:01:15.597000,HARD,16.0,3.0,,,75.597
LAW,56.0,0 days 00:01:16.960000,HARD,17.0,3.0,,,76.96
LAW,57.0,0 days 00:01:16.583000,HARD,18.0,3.0,,,76.583
LAW,58.0,0 days 00:01:17.684000,HARD,19.0,3.0,,,77.684
LAW,59.0,0 days 00:01:16.772000,HARD,20.0,3.0,,,76.772
LAW,60.0,0 days 00:01:16.672000,HARD,21.0,3.0,,,76.672
LAW,61.0,0 days 00:01:16.173000,HARD,22.0,3.0,,,76.173
LAW,62.0,0 days 00:01:16.864000,HARD,23.0,3.0,,,76.864
LAW,63.0,0 days 00:01:17.611000,HARD,24.0,3.0,,,77.611
LAW,64.0,0 days 00:01:17.155000,HARD,25.0,3.0,,,77.155
LAW,65.0,0 days 00:01:19.159000,HARD,26.0,3.0,,,79.159
LAW,66.0,0 days 00:01:16.955000,HARD,27.0,3.0,,,76.955
LAW,67.0,0 days 00:01:17.409000,HARD,28.0,3.0,,,77.409
LAW,68.0,0 days 00:01:17.363000,HARD,29.0,3.0,,,77.363
LAW,69.0,0 days 00:01:17.136000,HARD,30.0,3.0,,,77.136
LAW,70.0,0 days 00:01:16.905000,HARD,31.0,3.0,,,76.905
LAW,71.0,0 days 00:01:17.053000,HARD,32.0,3.0,,,77.053
LAW,72.0,0 days 00:01:16.392000,HARD,33.0,3.0,,,76.392
LAW,73.0,0 days 00:01:16.597000,HARD,34.0,3.0,,,76.597
LAW,74.0,0 days 00:01:17.066000,HARD,35.0,3.0,,,77.066
LAW,75.0,0 days 00:01:16.757000,HARD,36.0,3.0,,,76.757
LAW,76.0,0 days 00:01:16.028000,HARD,37.0,3.0,,,76.028
LAW,77.0,0 days 00:01:16.630000,HARD,38.0,3.0,,,76.63
OCO,1.0,0 days 00:01:29.926000,MEDIUM,1.0,1.0,,,89.926
OCO,2.0,0 days 00:01:51.527000,MEDIUM,2.0,1.0,,,111.527
OCO,3.0,0 days 00:01:49.187000,MEDIUM,3.0,1.0,,,109.187
OCO,4.0,0 days 00:01:35.230000,MEDIUM,4.0,1.0,,,95.23
OCO,5.0,0 days 00:01:20.666000,MEDIUM,5.0,1.0,,,80.666
OCO,6.0,0 days 00:01:20.506000,MEDIUM,6.0,1.0,,,80.506
OCO,7.0,0 days 00:01:20.545000,MEDIUM,7.0,1.0,,,80.545
OCO,8.0,0 days 00:01:19.207000,MEDIUM,8.0,1.0,,,79.207
OCO,9.0,0 days 00:01:22.712000,MEDIUM,9.0,1.0,,,82.712
OCO,10.0,0 days 00:01:20.330000,MEDIUM,10.0,1.0,,,80.33
OCO,11.0,0 days 00:01:17.319000,MEDIUM,11.0,1.0,,,77.319
OCO,12.0,0 days 00:01:17.358000,MEDIUM,12.0,1.0,,,77.358
OCO,13.0,0 days 00:01:17.241000,MEDIUM,13.0,1.0,,,77.241
OCO,14.0,0 days 00:01:16.453000,MEDIUM,14.0,1.0,,,76.453
OCO,15.0,0 days 00:01:16.577000,MEDIUM,15.0,1.0,,,76.577
OCO,18.0,0 days 00:01:15.774000,MEDIUM,6.0,2.0,,,75.774
OCO,19.0,0 days 00:01:16.740000,MEDIUM,7.0,2.0,,,76.74
OCO,20.0,0 days 00:01:16.599000,MEDIUM,8.0,2.0,,,76.599
OCO,21.0,0 days 00:01:17.503000,MEDIUM,9.0,2.0,,,77.503
OCO,22.0,0 days 00:01:18.500000,MEDIUM,10.0,2.0,,,78.5
OCO,23.0,0 days 00:01:18.075000,MEDIUM,11.0,2.0,,,78.075
OCO,24.0,0 days 00:01:17.911000,MEDIUM,12.0,2.0,,,77.911
OCO,25.0,0 days 00:01:17.720000,MEDIUM,13.0,2.0,,,77.72
OCO,26.0,0 days 00:01:16.527000,MEDIUM,14.0,2.0,,,76.527
OCO,27.0,0 days 00:01:16.705000,MEDIUM,15.0,2.0,,,76.705
OCO,30.0,0 days 00:01:15.796000,HARD,2.0,3.0,,,75.796
OCO,31.0,0 days 00:01:15.430000,HARD,3.0,3.0,,,75.43
OCO,32.0,0 days 00:01:15.503000,HARD,4.0,3.0,,,75.503
OCO,33.0,0 days 00:01:15.220000,HARD,5.0,3.0,,,75.22
OCO,34.0,0 days 00:01:15.157000,HARD,6.0,3.0,,,75.157
OCO,35.0,0 days 00:01:15.846000,HARD,7.0,3.0,,,75.846
OCO,36.0,0 days 00:01:16.149000,HARD,8.0,3.0,,,76.149
OCO,37.0,0 days 00:01:17.197000,HARD,9.0,3.0,,,77.197
OCO,38.0,0 days 00:01:16.298000,HARD,10.0,3.0,,,76.298
OCO,39.0,0 days 00:01:18.410000,HARD,11.0,3.0,,,78.41
OCO,40.0,0 days 00:01:16.525000,HARD,12.0,3.0,,,76.525
OCO,41.0,0 days 00:01:18.126000,HARD,13.0,3.0,,,78.126
OCO,42.0,0 days 00:01:16.240000,HARD,14.0,3.0,,,76.24
OCO,43.0,0 days 00:01:16.584000,HARD,15.0,3.0,,,76.584
OCO,44.0,0 days 00:01:17.324000,HARD,16.0,3.0,,,77.324
OCO,45.0,0 days 00:01:18.452000,HARD,17.0,3.0,,,78.452
OCO,46.0,0 days 00:01:17.007000,HARD,18.0,3.0,,,77.007
OCO,47.0,0 days 00:01:17.341000,HARD,19.0,3.0,,,77.341
OCO,48.0,0 days 00:01:18.068000,HARD,20.0,3.0,,,78.068
OCO,49.0,0 days 00:01:18.235000,HARD,21.0,3.0,,,78.235
OCO,50.0,0 days 00:01:17.902000,HARD,22.0,3.0,,,77.902
OCO,51.0,0 days 00:01:18.424000,HARD,23.0,3.0,,,78.424
OCO,52.0,0 days 00:01:17.450000,HARD,24.0,3.0,,,77.45
OCO,53.0,0 days 00:01:19.133000,HARD,25.0,3.0,,,79.133
OCO,54.0,0 days 00:01:17.744000,HARD,26.0,3.0,,,77.744
OCO,55.0,0 days 00:01:18.492000,HARD,27.0,3.0,,,78.492
OCO,56.0,0 days 00:01:17.541000,HARD,28.0,3.0,,,77.541
OCO,57.0,0 days 00:01:17.871000,HARD,29.0,3.0,,,77.871
OCO,58.0,0 days 00:01:17.184000,HARD,30.0,3.0,,,77.184
OCO,59.0,0 days 00:01:17.137000,HARD,31.0,3.0,,,77.137
OCO,60.0,0 days 00:01:17.606000,HARD,32.0,3.0,,,77.606
OCO,61.0,0 days 00:01:17.644000,HARD,33.0,3.0,,,77.644
OCO,62.0,0 days 00:01:17.670000,HARD,34.0,3.0,,,77.67
OCO,63.0,0 days 00:01:18.295000,HARD,35.0,3.0,,,78.295
OCO,64.0,0 days 00:01:17.903000,HARD,36.0,3.0,,,77.903
OCO,65.0,0 days 00:01:18.271000,HARD,37.0,3.0,,,78.271
OCO,66.0,0 days 00:01:18.810000,HARD,38.0,3.0,,,78.81
OCO,67.0,0 days 00:01:17.401000,HARD,39.0,3.0,,,77.401
OCO,68.0,0 days 00:01:17.467000,HARD,40.0,3.0,,,77.467
OCO,69.0,0 days 00:01:16.985000,HARD,41.0,3.0,,,76.985
OCO,70.0,0 days 00:01:17.069000,HARD,42.0,3.0,,,77.069
OCO,71.0,0 days 00:01:16.828000,HARD,43.0,3.0,,,76.828
OCO,72.0,0 days 00:01:16.768000,HARD,44.0,3.0,,,76.768
OCO,73.0,0 days 00:01:16.652000,HARD,45.0,3.0,,,76.652
OCO,74.0,0 days 00:01:16.580000,HARD,46.0,3.0,,,76.58
OCO,75.0,0 days 00:01:16.714000,HARD,47.0,3.0,,,76.714
OCO,76.0,0 days 00:01:16.604000,HARD,48.0,3.0,,,76.604
OCO,77.0,0 days 00:01:16.747000,HARD,49.0,3.0,,,76.747
NOR,1.0,0 days 00:01:23.340000,MEDIUM,1.0,1.0,,,83.34
NOR,2.0,0 days 00:01:44.634000,MEDIUM,2.0,1.0,,,104.634
NOR,3.0,0 days 00:01:49.015000,MEDIUM,3.0,1.0,,,109.015
NOR,4.0,0 days 00:01:41.564000,MEDIUM,4.0,1.0,,,101.564
NOR,5.0,0 days 00:01:18.050000,MEDIUM,5.0,1.0,,,78.05
NOR,6.0,0 days 00:01:19.172000,MEDIUM,6.0,1.0,,,79.172
NOR,7.0,0 days 00:01:18.470000,MEDIUM,7.0,1.0,,,78.47
NOR,8.0,0 days 00:01:17.626000,MEDIUM,8.0,1.0,,,77.626
NOR,9.0,0 days 00:01:22.148000,MEDIUM,9.0,1.0,,,82.148
NOR,10.0,0 days 00:01:20.385000,MEDIUM,10.0,1.0,,,80.385
NOR,11.0,0 days 00:01:19.771000,MEDIUM,11.0,1.0,,,79.771
NOR,12.0,0 days 00:01:16.300000,MEDIUM,12.0,1.0,,,76.3
NOR,13.0,0 days 00:01:15.988000,MEDIUM,13.0,1.0,,,75.988
NOR,14.0,0 days 00:01:16.122000,MEDIUM,14.0,1.0,,,76.122
NOR,15.0,0 days 00:01:15.673000,MEDIUM,15.0,1.0,,,75.673
NOR,16.0,0 days 00:01:14.914000,MEDIUM,16.0,1.0,,,74.914
NOR,17.0,0 days 00:01:14.659000,MEDIUM,17.0,1.0,,,74.659
NOR,18.0,0 days 00:01:15.280000,MEDIUM,18.0,1.0,,,75.28
NOR,21.0,0 days 00:01:15.259000,HARD,2.0,2.0,,,75.259
NOR,22.0,0 days 00:01:14.846000,HARD,3.0,2.0,,,74.846
NOR,23.0,0 days 00:01:15.315000,HARD,4.0,2.0,,,75.315
NOR,24.0,0 days 00:01:15.220000,HARD,5.0,2.0,,,75.22
NOR,25.0,0 days 00:01:14.400000,HARD,6.0,2.0,,,74.4
NOR,26.0,0 days 00:01:14.727000,HARD,7.0,2.0,,,74.727
NOR,27.0,0 days 00:01:14.622000,HARD,8.0,2.0,,,74.622
NOR,28.0,0 days 00:01:14.618000,HARD,9.0,2.0,,,74.618
NOR,29.0,0 days 00:01:15.777000,HARD,10.0,2.0,,,75.777
NOR,30.0,0 days 00:01:17.259000,HARD,11.0,2.0,,,77.259
NOR,31.0,0 days 00:01:16.797000,HARD,12.0,2.0,,,76.797
NOR,32.0,0 days 00:01:14.711000,HARD,13.0,2.0,,,74.711
NOR,33.0,0 days 00:01:14.642000,HARD,14.0,2.0,,,74.642
NOR,34.0,0 days 00:01:14.689000,HARD,15.0,2.0,,,74.689
NOR,35.0,0 days 00:01:14.184000,HARD,16.0,2.0,,,74.184
NOR,36.0,0 days 00:01:14.785000,HARD,17.0,2.0,,,74.785
NOR,37.0,0 days 00:01:14.670000,HARD,18.0,2.0,,,74.67
NOR,38.0,0 days 00:01:14.907000,HARD,19.0,2.0,,,74.907
NOR,39.0,0 days 00:01:14.141000,HARD,20.0,2.0,,,74.141
NOR,40.0,0 days 00:01:15.237000,HARD,21.0,2.0,,,75.237
NOR,41.0,0 days 00:01:14.026000,HARD,22.0,2.0,,,74.026
NOR,42.0,0 days 00:01:14.419000,HARD,23.0,2.0,,,74.419
NOR,43.0,0 days 00:01:14.174000,HARD,24.0,2.0,,,74.174
NOR,44.0,0 days 00:01:13.872000,HARD,25.0,2.0,,,73.872
NOR,45.0,0 days 00:01:14.384000,HARD,26.0,2.0,,,74.384
NOR,46.0,0 days 00:01:14.177000,HARD,27.0,2.0,,,74.177
NOR,47.0,0 days 00:01:14.357000,HARD,28.0,2.0,,,74.357
NOR,48.0,0 days 00:01:15.701000,HARD,29.0,2.0,,,75.701
NOR,49.0,0 days 00:01:16.684000,HARD,30.0,2.0,,,76.684
NOR,52.0,0 days 00:01:15.039000,HARD,2.0,3.0,,,75.039
NOR,53.0,0 days 00:01:15.848000,HARD,3.0,3.0,,,75.848
NOR,54.0,0 days 00:01:16.308000,HARD,4.0,3.0,,,76.308
NOR,55.0,0 days 00:01:14.993000,HARD,5.0,3.0,,,74.993
NOR,56.0,0 days 00:01:14.821000,HARD,6.0,3.0,,,74.821
NOR,57.0,0 days 00:01:14.676000,HARD,7.0,3.0,,,74.676
NOR,58.0,0 days 00:01:15.159000,HARD,8.0,3.0,,,75.159
NOR,59.0,0 days 00:01:15.107000,HARD,9.0,3.0,,,75.107
NOR,60.0,0 days 00:01:15.584000,HARD,10.0,3.0,,,75.584
NOR,61.0,0 days 00:01:15.199000,HARD,11.0,3.0,,,75.199
NOR,62.0,0 days 00:01:15.514000,HARD,12.0,3.0,,,75.514
NOR,63.0,0 days 00:01:15.301000,HARD,13.0,3.0,,,75.301
NOR,64.0,0 days 00:01:15.313000,HARD,14.0,3.0,,,75.313
NOR,65.0,0 days 00:01:15.478000,HARD,15.0,3.0,,,75.478
NOR,66.0,0 days 00:01:14.968000,HARD,16.0,3.0,,,74.968
NOR,67.0,0 days 00:01:15.007000,HARD,17.0,3.0,,,75.007
NOR,68.0,0 days 00:01:15.615000,HARD,18.0,3.0,,,75.615
NOR,69.0,0 days 00:01:15.984000,HARD,19.0,3.0,,,75.984
NOR,70.0,0 days 00:01:16.238000,HARD,20.0,3.0,,,76.238
NOR,71.0,0 days 00:01:16.362000,HARD,21.0,3.0,,,76.362
NOR,72.0,0 days 00:01:16.380000,HARD,22.0,3.0,,,76.38
NOR,73.0,0 days 00:01:16.355000,HARD,23.0,3.0,,,76.355
NOR,74.0,0 days 00:01:16.287000,HARD,24.0,3.0,,,76.287
NOR,75.0,0 days 00:01:16.405000,HARD,25.0,3.0,,,76.405
NOR,76.0,0 days 00:01:15.836000,HARD,26.0,3.0,,,75.836
NOR,77.0,0 days 00:01:15.717000,HARD,27.0,3.0,,,75.717
NOR,78.0,0 days 00:01:13.221000,HARD,28.0,3.0,,,73.221
COL,1.0,0 days 00:01:36.577000,HARD,1.0,1.0,,,96.577
COL,2.0,0 days 00:01:50.894000,HARD,2.0,1.0,,,110.894
COL,3.0,0 days 00:01:48.913000,HARD,3.0,1.0,,,108.913
COL,4.0,0 days 00:01:36.476000,HARD,4.0,1.0,,,96.476
COL,5.0,0 days 00:01:19.999000,HARD,5.0,1.0,,,79.999
COL,6.0,0 days 00:01:20.746000,HARD,6.0,1.0,,,80.746
COL,7.0,0 days 00:01:20.915000,HARD,7.0,1.0,,,80.915
COL,8.0,0 days 00:01:20.987000,HARD,8.0,1.0,,,80.987
COL,9.0,0 days 00:01:23.197000,HARD,9.0,1.0,,,83.197
COL,10.0,0 days 00:01:21.709000,HARD,10.0,1.0,,,81.709
COL,11.0,0 days 00:01:19.851000,HARD,11.0,1.0,,,79.851
COL,12.0,0 days 00:01:19.827000,HARD,12.0,1.0,,,79.827
COL,15.0,0 days 00:01:15.509000,MEDIUM,9.0,2.0,,,75.509
COL,16.0,0 days 00:01:15.435000,MEDIUM,10.0,2.0,,,75.435
COL,17.0,0 days 00:01:17.547000,MEDIUM,11.0,2.0,,,77.547
COL,18.0,0 days 00:01:18.351000,MEDIUM,12.0,2.0,,,78.351
COL,19.0,0 days 00:01:18.851000,MEDIUM,13.0,2.0,,,78.851
COL,20.0,0 days 00:01:19.296000,MEDIUM,14.0,2.0,,,79.296
COL,21.0,0 days 00:01:18.214000,MEDIUM,15.0,2.0,,,78.214
COL,22.0,0 days 00:01:17.808000,MEDIUM,16.0,2.0,,,77.808
COL,23.0,0 days 00:01:17.626000,MEDIUM,17.0,2.0,,,77.626
COL,24.0,0 days 00:01:17.233000,MEDIUM,18.0,2.0,,,77.233
COL,25.0,0 days 00:01:17.209000,MEDIUM,19.0,2.0,,,77.209
COL,28.0,0 days 00:01:18.135000,MEDIUM,2.0,3.0,,,78.135
COL,29.0,0 days 00:01:15.914000,MEDIUM,3.0,3.0,,,75.914
COL,30.0,0 days 00:01:15.298000,MEDIUM,4.0,3.0,,,75.298
COL,31.0,0 days 00:01:16.007000,MEDIUM,5.0,3.0,,,76.007
COL,32.0,0 days 00:01:19.845000,MEDIUM,6.0,3.0,,,79.845
COL,33.0,0 days 00:01:18.528000,MEDIUM,7.0,3.0,,,78.528
COL,34.0,0 days 00:01:18.704000,MEDIUM,8.0,3.0,,,78.704
COL,35.0,0 days 00:01:18.670000,MEDIUM,9.0,3.0,,,78.67
COL,36.0,0 days 00:01:17.955000,MEDIUM,10.0,3.0,,,77.955
COL,37.0,0 days 00:01:18.660000,MEDIUM,11.0,3.0,,,78.66
COL,38.0,0 days 00:01:18.728000,MEDIUM,12.0,3.0,,,78.728
COL,39.0,0 days 00:01:18.889000,MEDIUM,13.0,3.0,,,78.889
COL,40.0,0 days 00:01:18.443000,MEDIUM,14.0,3.0,,,78.443
COL,41.0,0 days 00:01:18.866000,MEDIUM,15.0,3.0,,,78.866
COL,42.0,0 days 00:01:17.798000,MEDIUM,16.0,3.0,,,77.798
COL,43.0,0 days 00:01:17.541000,MEDIUM,17.0,3.0,,,77.541
COL,44.0,0 days 00:01:18.439000,MEDIUM,18.0,3.0,,,78.439
COL,45.0,0 days 00:01:18.710000,MEDIUM,19.0,3.0,,,78.71
COL,46.0,0 days 00:01:20.190000,MEDIUM,20.0,3.0,,,80.19
COL,47.0,0 days 00:01:19.889000,MEDIUM,21.0,3.0,,,79.889
COL,48.0,0 days 00:01:18.240000,MEDIUM,22.0,3.0,,,78.24
COL,49.0,0 days 00:01:18.159000,MEDIUM,23.0,3.0,,,78.159
COL,50.0,0 days 00:01:19.965000,MEDIUM,24.0,3.0,,,79.965
COL,51.0,0 days 00:01:20.722000,MEDIUM,25.0,3.0,,,80.722
COL,52.0,0 days 00:01:20.423000,MEDIUM,26.0,3.0,,,80.423
COL,53.0,0 days 00:01:20.255000,MEDIUM,27.0,3.0,,,80.255
COL,54.0,0 days 00:01:18.710000,MEDIUM,28.0,3.0,,,78.71
COL,55.0,0 days 00:01:18.692000,MEDIUM,29.0,3.0,,,78.692
COL,56.0,0 days 00:01:18.489000,MEDIUM,30.0,3.0,,,78.489
COL,57.0,0 days 00:01:18.426000,MEDIUM,31.0,3.0,,,78.426
COL,58.0,0 days 00:01:18.249000,MEDIUM,32.0,3.0,,,78.249
COL,59.0,0 days 00:01:19.063000,MEDIUM,33.0,3.0,,,79.063
COL,60.0,0 days 00:01:18.687000,MEDIUM,34.0,3.0,,,78.687
COL,61.0,0 days 00:01:18.878000,MEDIUM,35.0,3.0,,,78.878
COL,62.0,0 days 00:01:18.214000,MEDIUM,36.0,3.0,,,78.214
COL,63.0,0 days 00:01:18.877000,MEDIUM,37.0,3.0,,,78.877
COL,64.0,0 days 00:01:18.379000,MEDIUM,38.0,3.0,,,78.379
COL,65.0,0 days 00:01:17.338000,MEDIUM,39.0,3.0,,,77.338
COL,66.0,0 days 00:01:17.517000,MEDIUM,40.0,3.0,,,77.517
COL,67.0,0 days 00:01:18.018000,MEDIUM,41.0,3.0,,,78.018
COL,68.0,0 days 00:01:17.100000,MEDIUM,42.0,3.0,,,77.1
COL,69.0,0 days 00:01:16.703000,MEDIUM,43.0,3.0,,,76.703
COL,70.0,0 days 00:01:16.707000,MEDIUM,44.0,3.0,,,76.707
COL,71.0,0 days 00:01:16.256000,MEDIUM,45.0,3.0,,,76.256
COL,72.0,0 days 00:01:16.135000,MEDIUM,46.0,3.0,,,76.135
COL,73.0,0 days 00:01:15.669000,MEDIUM,47.0,3.0,,,75.669
COL,74.0,0 days 00:01:15.564000,MEDIUM,48.0,3.0,,,75.564
COL,75.0,0 days 00:01:15.920000,MEDIUM,49.0,3.0,,,75.92
COL,76.0,0 days 00:01:15.435000,MEDIUM,50.0,3.0,,,75.435
HAM,1.0,0 days 00:01:29.406000,HARD,1.0,1.0,,,89.406
HAM,2.0,0 days 00:01:51.437000,HARD,2.0,1.0,,,111.437
HAM,3.0,0 days 00:01:49.212000,HARD,3.0,1.0,,,109.212
HAM,4.0,0 days 00:01:34.730000,HARD,4.0,1.0,,,94.73
HAM,5.0,0 days 00:01:21.057000,HARD,5.0,1.0,,,81.057
HAM,6.0,0 days 00:01:20.225000,HARD,6.0,1.0,,,80.225
HAM,7.0,0 days 00:01:20.931000,HARD,7.0,1.0,,,80.931
HAM,8.0,0 days 00:01:19.039000,HARD,8.0,1.0,,,79.039
HAM,9.0,0 days 00:01:22.018000,HARD,9.0,1.0,,,82.018
HAM,10.0,0 days 00:01:20.528000,HARD,10.0,1.0,,,80.528
HAM,11.0,0 days 00:01:17.120000,HARD,11.0,1.0,,,77.12
HAM,12.0,0 days 00:01:17.530000,HARD,12.0,1.0,,,77.53
HAM,13.0,0 days 00:01:16.799000,HARD,13.0,1.0,,,76.799
HAM,14.0,0 days 00:01:16.151000,HARD,14.0,1.0,,,76.151
HAM,15.0,0 days 00:01:15.991000,HARD,15.0,1.0,,,75.991
HAM,16.0,0 days 00:01:15.941000,HARD,16.0,1.0,,,75.941
HAM,17.0,0 days 00:01:14.977000,HARD,17.0,1.0,,,74.977
HAM,20.0,0 days 00:01:15.065000,HARD,3.0,2.0,,,75.065
HAM,21.0,0 days 00:01:15.750000,HARD,4.0,2.0,,,75.75
HAM,22.0,0 days 00:01:15.003000,HARD,5.0,2.0,,,75.003
HAM,23.0,0 days 00:01:15.012000,HARD,6.0,2.0,,,75.012
HAM,24.0,0 days 00:01:15.212000,HARD,7.0,2.0,,,75.212
HAM,25.0,0 days 00:01:14.698000,HARD,8.0,2.0,,,74.698
HAM,26.0,0 days 00:01:14.804000,HARD,9.0,2.0,,,74.804
HAM,27.0,0 days 00:01:14.533000,HARD,10.0,2.0,,,74.533
HAM,28.0,0 days 00:01:15.420000,HARD,11.0,2.0,,,75.42
HAM,29.0,0 days 00:01:16.810000,HARD,12.0,2.0,,,76.81
HAM,30.0,0 days 00:01:15.884000,HARD,13.0,2.0,,,75.884
HAM,31.0,0 days 00:01:15.648000,HARD,14.0,2.0,,,75.648
HAM,32.0,0 days 00:01:15.676000,HARD,15.0,2.0,,,75.676
HAM,33.0,0 days 00:01:16.536000,HARD,16.0,2.0,,,76.536
HAM,34.0,0 days 00:01:17.566000,HARD,17.0,2.0,,,77.566
HAM,35.0,0 days 00:01:17.826000,HARD,18.0,2.0,,,77.826
HAM,36.0,0 days 00:01:17.218000,HARD,19.0,2.0,,,77.218
HAM,37.0,0 days 00:01:17.288000,HARD,20.0,2.0,,,77.288
HAM,38.0,0 days 00:01:15.938000,HARD,21.0,2.0,,,75.938
HAM,39.0,0 days 00:01:15.446000,HARD,22.0,2.0,,,75.446
HAM,40.0,0 days 00:01:14.951000,HARD,23.0,2.0,,,74.951
HAM,41.0,0 days 00:01:15.111000,HARD,24.0,2.0,,,75.111
HAM,42.0,0 days 00:01:14.984000,HARD,25.0,2.0,,,74.984
HAM,43.0,0 days 00:01:14.854000,HARD,26.0,2.0,,,74.854
HAM,44.0,0 days 00:01:14.686000,HARD,27.0,2.0,,,74.686
HAM,45.0,0 days 00:01:14.849000,HARD,28.0,2.0,,,74.849
HAM,46.0,0 days 00:01:15.323000,HARD,29.0,2.0,,,75.323
HAM,47.0,0 days 00:01:15.703000,HARD,30.0,2.0,,,75.703
HAM,48.0,0 days 00:01:15.113000,HARD,31.0,2.0,,,75.113
HAM,49.0,0 days 00:01:15.569000,HARD,32.0,2.0,,,75.569
HAM,50.0,0 days 00:01:15.694000,HARD,33.0,2.0,,,75.694
HAM,51.0,0 days 00:01:15.559000,HARD,34.0,2.0,,,75.559
HAM,52.0,0 days 00:01:15.494000,HARD,35.0,2.0,,,75.494
HAM,53.0,0 days 00:01:16.185000,HARD,36.0,2.0,,,76.185
HAM,54.0,0 days 00:01:16.217000,HARD,37.0,2.0,,,76.217
HAM,55.0,0 days 00:01:16.657000,HARD,38.0,2.0,,,76.657
HAM,58.0,0 days 00:01:18.349000,MEDIUM,5.0,3.0,,,78.349
HAM,59.0,0 days 00:01:16.686000,MEDIUM,6.0,3.0,,,76.686
HAM,60.0,0 days 00:01:15.767000,MEDIUM,7.0,3.0,,,75.767
HAM,61.0,0 days 00:01:15.431000,MEDIUM,8.0,3.0,,,75.431
HAM,62.0,0 days 00:01:14.916000,MEDIUM,9.0,3.0,,,74.916
HAM,63.0,0 days 00:01:14.193000,MEDIUM,10.0,3.0,,,74.193
HAM,64.0,0 days 00:01:16.306000,MEDIUM,11.0,3.0,,,76.306
HAM,65.0,0 days 00:01:16.238000,MEDIUM,12.0,3.0,,,76.238
HAM,66.0,0 days 00:01:16.659000,MEDIUM,13.0,3.0,,,76.659
HAM,67.0,0 days 00:01:16.016000,MEDIUM,14.0,3.0,,,76.016
HAM,68.0,0 days 00:01:15.861000,MEDIUM,15.0,3.0,,,75.861
HAM,69.0,0 days 00:01:15.585000,MEDIUM,16.0,3.0,,,75.585
HAM,70.0,0 days 00:01:15.257000,MEDIUM,17.0,3.0,,,75.257
HAM,71.0,0 days 00:01:15.088000,MEDIUM,18.0,3.0,,,75.088
HAM,72.0,0 days 00:01:14.273000,MEDIUM,19.0,3.0,,,74.273
HAM,73.0,0 days 00:01:14.090000,MEDIUM,20.0,3.0,,,74.09
HAM,74.0,0 days 00:01:15.388000,MEDIUM,21.0,3.0,,,75.388
HAM,75.0,0 days 00:01:16.317000,MEDIUM,22.0,3.0,,,76.317
HAM,76.0,0 days 00:01:16.537000,MEDIUM,23.0,3.0,,,76.537
HAM,77.0,0 days 00:01:16.522000,MEDIUM,24.0,3.0,,,76.522
HAM,78.0,0 days 00:01:17.439000,MEDIUM,25.0,3.0,,,77.439
BOR,3.0,0 days 00:01:49.362000,HARD,2.0,2.0,,,109.362
BOR,4.0,0 days 00:01:23.609000,HARD,3.0,2.0,,,83.609
BOR,5.0,0 days 00:01:16.394000,HARD,4.0,2.0,,,76.394
BOR,6.0,0 days 00:01:15.757000,HARD,5.0,2.0,,,75.757
BOR,7.0,0 days 00:01:15.721000,HARD,6.0,2.0,,,75.721
BOR,8.0,0 days 00:01:18.331000,HARD,7.0,2.0,,,78.331
BOR,9.0,0 days 00:01:18.411000,HARD,8.0,2.0,,,78.411
BOR,10.0,0 days 00:01:16.782000,HARD,9.0,2.0,,,76.782
BOR,11.0,0 days 00:01:16.256000,HARD,10.0,2.0,,,76.256
BOR,12.0,0 days 00:01:17.804000,HARD,11.0,2.0,,,77.804
BOR,13.0,0 days 00:01:19.088000,HARD,12.0,2.0,,,79.088
BOR,14.0,0 days 00:01:18.481000,HARD,13.0,2.0,,,78.481
BOR,15.0,0 days 00:01:18.647000,HARD,14.0,2.0,,,78.647
BOR,16.0,0 days 00:01:20.378000,HARD,15.0,2.0,,,80.378
BOR,17.0,0 days 00:01:20.937000,HARD,16.0,2.0,,,80.937
BOR,18.0,0 days 00:01:19.222000,HARD,17.0,2.0,,,79.222
BOR,19.0,0 days 00:01:19.729000,HARD,18.0,2.0,,,79.729
BOR,20.0,0 days 00:01:19.335000,HARD,19.0,2.0,,,79.335
BOR,21.0,0 days 00:01:17.718000,HARD,20.0,2.0,,,77.718
BOR,22.0,0 days 00:01:17.664000,HARD,21.0,2.0,,,77.664
BOR,23.0,0 days 00:01:17.216000,HARD,22.0,2.0,,,77.216
BOR,24.0,0 days 00:01:17.286000,HARD,23.0,2.0,,,77.286
BOR,25.0,0 days 00:01:17.965000,HARD,24.0,2.0,,,77.965
BOR,28.0,0 days 00:01:16.020000,SOFT,2.0,3.0,,,76.02
BOR,29.0,0 days 00:01:15.193000,SOFT,3.0,3.0,,,75.193
BOR,30.0,0 days 00:01:15.543000,SOFT,4.0,3.0,,,75.543
BOR,31.0,0 days 00:01:18.214000,SOFT,5.0,3.0,,,78.214
BOR,32.0,0 days 00:01:19.347000,SOFT,6.0,3.0,,,79.347
BOR,33.0,0 days 00:01:19.276000,SOFT,7.0,3.0,,,79.276
BOR,34.0,0 days 00:01:19.276000,SOFT,8.0,3.0,,,79.276
BOR,37.0,0 days 00:01:14.884000,MEDIUM,2.0,4.0,,,74.884
BOR,38.0,0 days 00:01:14.970000,MEDIUM,3.0,4.0,,,74.97
BOR,39.0,0 days 00:01:15.888000,MEDIUM,4.0,4.0,,,75.888
BOR,40.0,0 days 00:01:16.335000,MEDIUM,5.0,4.0,,,76.335
BOR,41.0,0 days 00:01:16.847000,MEDIUM,6.0,4.0,,,76.847
BOR,42.0,0 days 00:01:17.678000,MEDIUM,7.0,4.0,,,77.678
BOR,43.0,0 days 00:01:17.037000,MEDIUM,8.0,4.0,,,77.037
BOR,44.0,0 days 00:01:18.350000,MEDIUM,9.0,4.0,,,78.35
BOR,45.0,0 days 00:01:18.458000,MEDIUM,10.0,4.0,,,78.458
BOR,46.0,0 days 00:01:19.853000,MEDIUM,11.0,4.0,,,79.853
BOR,47.0,0 days 00:01:20.127000,MEDIUM,12.0,4.0,,,80.127
BOR,48.0,0 days 00:01:18.016000,MEDIUM,13.0,4.0,,,78.016
BOR,49.0,0 days 00:01:18.411000,MEDIUM,14.0,4.0,,,78.411
BOR,50.0,0 days 00:01:19.679000,MEDIUM,15.0,4.0,,,79.679
BOR,51.0,0 days 00:01:20.698000,MEDIUM,16.0,4.0,,,80.698
BOR,52.0,0 days 00:01:20.809000,MEDIUM,17.0,4.0,,,80.809
BOR,53.0,0 days 00:01:19.965000,MEDIUM,18.0,4.0,,,79.965
BOR,54.0,0 days 00:01:18.704000,MEDIUM,19.0,4.0,,,78.704
BOR,55.0,0 days 00:01:18.823000,MEDIUM,20.0,4.0,,,78.823
BOR,56.0,0 days 00:01:18.451000,MEDIUM,21.0,4.0,,,78.451
BOR,57.0,0 days 00:01:18.438000,MEDIUM,22.0,4.0,,,78.438
BOR,58.0,0 days 00:01:18.118000,MEDIUM,23.0,4.0,,,78.118
BOR,59.0,0 days 00:01:18.997000,MEDIUM,24.0,4.0,,,78.997
BOR,60.0,0 days 00:01:18.808000,MEDIUM,25.0,4.0,,,78.808
BOR,61.0,0 days 00:01:18.797000,MEDIUM,26.0,4.0,,,78.797
BOR,62.0,0 days 00:01:18.266000,MEDIUM,27.0,4.0,,,78.266
BOR,63.0,0 days 00:01:18.906000,MEDIUM,28.0,4.0,,,78.906
BOR,64.0,0 days 00:01:22.158000,MEDIUM,29.0,4.0,,,82.158
BOR,65.0,0 days 00:01:18.960000,MEDIUM,30.0,4.0,,,78.96
BOR,66.0,0 days 00:01:17.324000,MEDIUM,31.0,4.0,,,77.324
BOR,67.0,0 days 00:01:17.412000,MEDIUM,32.0,4.0,,,77.412
BOR,68.0,0 days 00:01:17.248000,MEDIUM,33.0,4.0,,,77.248
BOR,69.0,0 days 00:01:16.985000,MEDIUM,34.0,4.0,,,76.985
BOR,70.0,0 days 00:01:17.096000,MEDIUM,35.0,4.0,,,77.096
BOR,71.0,0 days 00:01:16.484000,MEDIUM,36.0,4.0,,,76.484
BOR,72.0,0 days 00:01:16.624000,MEDIUM,37.0,4.0,,,76.624
BOR,73.0,0 days 00:01:16.774000,MEDIUM,38.0,4.0,,,76.774
BOR,74.0,0 days 00:01:16.831000,MEDIUM,39.0,4.0,,,76.831
BOR,75.0,0 days 00:01:16.681000,MEDIUM,40.0,4.0,,,76.681
BOR,76.0,0 days 00:01:16.867000,MEDIUM,41.0,4.0,,,76.867
SAI,1.0,0 days 00:01:32.413000,HARD,1.0,1.0,,,92.413
SAI,2.0,0 days 00:01:51.609000,HARD,2.0,1.0,,,111.609
SAI,3.0,0 days 00:01:48.386000,HARD,3.0,1.0,,,108.386
SAI,4.0,0 days 00:01:36.808000,HARD,4.0,1.0,,,96.808
SAI,5.0,0 days 00:01:20.580000,HARD,5.0,1.0,,,80.58
SAI,6.0,0 days 00:01:21.056000,HARD,6.0,1.0,,,81.056
SAI,7.0,0 days 00:01:21.577000,HARD,7.0,1.0,,,81.577
SAI,8.0,0 days 00:01:20.384000,HARD,8.0,1.0,,,80.384
SAI,9.0,0 days 00:01:23.673000,HARD,9.0,1.0,,,83.673
SAI,10.0,0 days 00:01:21.668000,HARD,10.0,1.0,,,81.668
SAI,11.0,0 days 00:01:19.430000,HARD,11.0,1.0,,,79.43
SAI,12.0,0 days 00:01:20.134000,HARD,12.0,1.0,,,80.134
SAI,13.0,0 days 00:01:19.149000,HARD,13.0,1.0,,,79.149
SAI,14.0,0 days 00:01:19.429000,HARD,14.0,1.0,,,79.429
SAI,15.0,0 days 00:01:19.999000,HARD,15.0,1.0,,,79.999
SAI,16.0,0 days 00:01:20.697000,HARD,16.0,1.0,,,80.697
SAI,17.0,0 days 00:01:21.060000,HARD,17.0,1.0,,,81.06
SAI,18.0,0 days 00:01:20.143000,HARD,18.0,1.0,,,80.143
SAI,19.0,0 days 00:01:19.522000,HARD,19.0,1.0,,,79.522
SAI,20.0,0 days 00:01:17.855000,HARD,20.0,1.0,,,77.855
SAI,21.0,0 days 00:01:17.461000,HARD,21.0,1.0,,,77.461
SAI,22.0,0 days 00:01:17.064000,HARD,22.0,1.0,,,77.064
SAI,23.0,0 days 00:01:16.750000,HARD,23.0,1.0,,,76.75
SAI,24.0,0 days 00:01:17.018000,HARD,24.0,1.0,,,77.018
SAI,25.0,0 days 00:01:20.726000,HARD,25.0,1.0,,,80.726
SAI,26.0,0 days 00:01:19.310000,HARD,26.0,1.0,,,79.31
SAI,27.0,0 days 00:01:19.588000,HARD,27.0,1.0,,,79.588
SAI,28.0,0 days 00:01:19.617000,HARD,28.0,1.0,,,79.617
SAI,29.0,0 days 00:01:19.113000,HARD,29.0,1.0,,,79.113
SAI,30.0,0 days 00:01:20.644000,HARD,30.0,1.0,,,80.644
SAI,31.0,0 days 00:01:17.277000,HARD,31.0,1.0,,,77.277
SAI,32.0,0 days 00:01:20.054000,HARD,32.0,1.0,,,80.054
SAI,33.0,0 days 00:01:20.878000,HARD,33.0,1.0,,,80.878
SAI,34.0,0 days 00:01:19.220000,HARD,34.0,1.0,,,79.22
SAI,35.0,0 days 00:01:19.464000,HARD,35.0,1.0,,,79.464
SAI,36.0,0 days 00:01:19.778000,HARD,36.0,1.0,,,79.778
SAI,37.0,0 days 00:01:18.753000,HARD,37.0,1.0,,,78.753
SAI,38.0,0 days 00:01:18.526000,HARD,38.0,1.0,,,78.526
SAI,39.0,0 days 00:01:18.819000,HARD,39.0,1.0,,,78.819
SAI,40.0,0 days 00:01:18.988000,HARD,40.0,1.0,,,78.988
SAI,41.0,0 days 00:01:16.822000,HARD,41.0,1.0,,,76.822
SAI,42.0,0 days 00:01:16.706000,HARD,42.0,1.0,,,76.706
SAI,43.0,0 days 00:01:15.881000,HARD,43.0,1.0,,,75.881
SAI,44.0,0 days 00:01:16.059000,HARD,44.0,1.0,,,76.059
SAI,45.0,0 days 00:01:16.124000,HARD,45.0,1.0,,,76.124
SAI,46.0,0 days 00:01:16.081000,HARD,46.0,1.0,,,76.081
SAI,47.0,0 days 00:01:15.516000,HARD,47.0,1.0,,,75.516
SAI,50.0,0 days 00:01:15.287000,MEDIUM,2.0,2.0,,,75.287
SAI,51.0,0 days 00:01:14.496000,MEDIUM,3.0,2.0,,,74.496
SAI,52.0,0 days 00:01:14.634000,MEDIUM,4.0,2.0,,,74.634
SAI,55.0,0 days 00:01:15.399000,MEDIUM,10.0,3.0,,,75.399
SAI,56.0,0 days 00:01:14.596000,MEDIUM,11.0,3.0,,,74.596
SAI,57.0,0 days 00:01:15.024000,MEDIUM,12.0,3.0,,,75.024
SAI,58.0,0 days 00:01:16.214000,MEDIUM,13.0,3.0,,,76.214
SAI,59.0,0 days 00:01:17.954000,MEDIUM,14.0,3.0,,,77.954
SAI,60.0,0 days 00:01:16.693000,MEDIUM,15.0,3.0,,,76.693
SAI,61.0,0 days 00:01:16.622000,MEDIUM,16.0,3.0,,,76.622
SAI,62.0,0 days 00:01:16.990000,MEDIUM,17.0,3.0,,,76.99
SAI,63.0,0 days 00:01:17.864000,MEDIUM,18.0,3.0,,,77.864
SAI,64.0,0 days 00:01:20.206000,MEDIUM,19.0,3.0,,,80.206
SAI,65.0,0 days 00:01:16.154000,MEDIUM,20.0,3.0,,,76.154
SAI,66.0,0 days 00:01:14.264000,MEDIUM,21.0,3.0,,,74.264
SAI,67.0,0 days 00:01:17.001000,MEDIUM,22.0,3.0,,,77.001
SAI,68.0,0 days 00:01:13.988000,MEDIUM,23.0,3.0,,,73.988
SAI,69.0,0 days 00:01:16.776000,MEDIUM,24.0,3.0,,,76.776
SAI,70.0,0 days 00:01:14.360000,MEDIUM,25.0,3.0,,,74.36
SAI,71.0,0 days 00:01:16.420000,MEDIUM,26.0,3.0,,,76.42
SAI,72.0,0 days 00:01:15.794000,MEDIUM,27.0,3.0,,,75.794
SAI,73.0,0 days 00:01:16.530000,MEDIUM,28.0,3.0,,,76.53
SAI,74.0,0 days 00:01:14.295000,MEDIUM,29.0,3.0,,,74.295
SAI,75.0,0 days 00:01:14.539000,MEDIUM,30.0,3.0,,,74.539
SAI,76.0,0 days 00:01:15.182000,MEDIUM,31.0,3.0,,,75.182
HAD,1.0,0 days 00:01:27.567000,MEDIUM,1.0,1.0,,,87.567
HAD,2.0,0 days 00:01:46.692000,MEDIUM,2.0,1.0,,,106.692
HAD,3.0,0 days 00:01:49.414000,MEDIUM,3.0,1.0,,,109.414
HAD,4.0,0 days 00:01:39.640000,MEDIUM,4.0,1.0,,,99.64
HAD,5.0,0 days 00:01:20.952000,MEDIUM,5.0,1.0,,,80.952
HAD,6.0,0 days 00:01:20.143000,MEDIUM,6.0,1.0,,,80.143
HAD,7.0,0 days 00:01:19.554000,MEDIUM,7.0,1.0,,,79.554
HAD,8.0,0 days 00:01:18.388000,MEDIUM,8.0,1.0,,,78.388
HAD,9.0,0 days 00:01:21.968000,MEDIUM,9.0,1.0,,,81.968
HAD,10.0,0 days 00:01:18.529000,MEDIUM,10.0,1.0,,,78.529
HAD,11.0,0 days 00:01:18.183000,MEDIUM,11.0,1.0,,,78.183
HAD,12.0,0 days 00:01:17.376000,MEDIUM,12.0,1.0,,,77.376
HAD,13.0,0 days 00:01:17.088000,MEDIUM,13.0,1.0,,,77.088
HAD,16.0,0 days 00:01:15.981000,SOFT,5.0,2.0,,,75.981
HAD,17.0,0 days 00:01:17.191000,SOFT,6.0,2.0,,,77.191
HAD,18.0,0 days 00:01:16.372000,SOFT,7.0,2.0,,,76.372
HAD,21.0,0 days 00:01:16.136000,HARD,3.0,3.0,,,76.136
HAD,22.0,0 days 00:01:16.357000,HARD,4.0,3.0,,,76.357
HAD,23.0,0 days 00:01:17.581000,HARD,5.0,3.0,,,77.581
HAD,24.0,0 days 00:01:17.790000,HARD,6.0,3.0,,,77.79
HAD,25.0,0 days 00:01:17.832000,HARD,7.0,3.0,,,77.832
HAD,26.0,0 days 00:01:17.625000,HARD,8.0,3.0,,,77.625
HAD,27.0,0 days 00:01:16.482000,HARD,9.0,3.0,,,76.482
HAD,28.0,0 days 00:01:16.441000,HARD,10.0,3.0,,,76.441
HAD,29.0,0 days 00:01:16.497000,HARD,11.0,3.0,,,76.497
HAD,30.0,0 days 00:01:16.432000,HARD,12.0,3.0,,,76.432
HAD,31.0,0 days 00:01:16.289000,HARD,13.0,3.0,,,76.289
HAD,32.0,0 days 00:01:16.307000,HARD,14.0,3.0,,,76.307
HAD,33.0,0 days 00:01:16.044000,HARD,15.0,3.0,,,76.044
HAD,34.0,0 days 00:01:16.070000,HARD,16.0,3.0,,,76.07
HAD,35.0,0 days 00:01:16.212000,HARD,17.0,3.0,,,76.212
HAD,36.0,0 days 00:01:16.125000,HARD,18.0,3.0,,,76.125
HAD,37.0,0 days 00:01:16.419000,HARD,19.0,3.0,,,76.419
HAD,38.0,0 days 00:01:16.400000,HARD,20.0,3.0,,,76.4
HAD,39.0,0 days 00:01:16.920000,HARD,21.0,3.0,,,76.92
HAD,40.0,0 days 00:01:17.025000,HARD,22.0,3.0,,,77.025
HAD,41.0,0 days 00:01:17.242000,HARD,23.0,3.0,,,77.242
HAD,42.0,0 days 00:01:19.685000,HARD,24.0,3.0,,,79.685
HAD,43.0,0 days 00:01:18.924000,HARD,25.0,3.0,,,78.924
HAD,44.0,0 days 00:01:16.930000,HARD,26.0,3.0,,,76.93
HAD,45.0,0 days 00:01:17.914000,HARD,27.0,3.0,,,77.914
HAD,46.0,0 days 00:01:19.607000,HARD,28.0,3.0,,,79.607
HAD,47.0,0 days 00:01:17.129000,HARD,29.0,3.0,,,77.129
HAD,48.0,0 days 00:01:17.451000,HARD,30.0,3.0,,,77.451
HAD,49.0,0 days 00:01:18.076000,HARD,31.0,3.0,,,78.076
HAD,50.0,0 days 00:01:17.235000,HARD,32.0,3.0,,,77.235
HAD,51.0,0 days 00:01:18.932000,HARD,33.0,3.0,,,78.932
HAD,52.0,0 days 00:01:17.718000,HARD,34.0,3.0,,,77.718
HAD,53.0,0 days 00:01:17.420000,HARD,35.0,3.0,,,77.42
HAD,54.0,0 days 00:01:19.723000,HARD,36.0,3.0,,,79.723
HAD,55.0,0 days 00:01:17.863000,HARD,37.0,3.0,,,77.863
HAD,56.0,0 days 00:01:17.484000,HARD,38.0,3.0,,,77.484
HAD,57.0,0 days 00:01:17.268000,HARD,39.0,3.0,,,77.268
HAD,58.0,0 days 00:01:16.984000,HARD,40.0,3.0,,,76.984
HAD,59.0,0 days 00:01:17.717000,HARD,41.0,3.0,,,77.717
HAD,60.0,0 days 00:01:18.008000,HARD,42.0,3.0,,,78.008
HAD,61.0,0 days 00:01:18.069000,HARD,43.0,3.0,,,78.069
HAD,62.0,0 days 00:01:17.876000,HARD,44.0,3.0,,,77.876
HAD,63.0,0 days 00:01:18.071000,HARD,45.0,3.0,,,78.071
HAD,64.0,0 days 00:01:18.299000,HARD,46.0,3.0,,,78.299
HAD,65.0,0 days 00:01:18.125000,HARD,47.0,3.0,,,78.125
HAD,66.0,0 days 00:01:17.520000,HARD,48.0,3.0,,,77.52
HAD,67.0,0 days 00:01:19.017000,HARD,49.0,3.0,,,79.017
HAD,68.0,0 days 00:01:17.280000,HARD,50.0,3.0,,,77.28
HAD,69.0,0 days 00:01:16.917000,HARD,51.0,3.0,,,76.917
HAD,70.0,0 days 00:01:17.002000,HARD,52.0,3.0,,,77.002
HAD,71.0,0 days 00:01:16.798000,HARD,53.0,3.0,,,76.798
HAD,72.0,0 days 00:01:16.920000,HARD,54.0,3.0,,,76.92
HAD,73.0,0 days 00:01:16.724000,HARD,55.0,3.0,,,76.724
HAD,74.0,0 days 00:01:16.627000,HARD,56.0,3.0,,,76.627
HAD,75.0,0 days 00:01:16.575000,HARD,57.0,3.0,,,76.575
HAD,76.0,0 days 00:01:16.633000,HARD,58.0,3.0,,,76.633
HAD,77.0,0 days 00:01:16.798000,HARD,59.0,3.0,,,76.798
RUS,1.0,0 days 00:01:34.077000,HARD,1.0,1.0,,,94.077
RUS,2.0,0 days 00:01:51.593000,HARD,2.0,1.0,,,111.593
RUS,3.0,0 days 00:01:48.563000,HARD,3.0,1.0,,,108.563
RUS,4.0,0 days 00:01:36.667000,HARD,4.0,1.0,,,96.667
RUS,5.0,0 days 00:01:20.576000,HARD,5.0,1.0,,,80.576
RUS,6.0,0 days 00:01:20.750000,HARD,6.0,1.0,,,80.75
RUS,7.0,0 days 00:01:21.214000,HARD,7.0,1.0,,,81.214
RUS,8.0,0 days 00:01:20.793000,HARD,8.0,1.0,,,80.793
RUS,9.0,0 days 00:01:23.390000,HARD,9.0,1.0,,,83.39
RUS,10.0,0 days 00:01:21.501000,HARD,10.0,1.0,,,81.501
RUS,11.0,0 days 00:01:19.853000,HARD,11.0,1.0,,,79.853
RUS,12.0,0 days 00:01:19.726000,HARD,12.0,1.0,,,79.726
RUS,13.0,0 days 00:01:18.901000,HARD,13.0,1.0,,,78.901
RUS,14.0,0 days 00:01:19.247000,HARD,14.0,1.0,,,79.247
RUS,15.0,0 days 00:01:19.764000,HARD,15.0,1.0,,,79.764
RUS,16.0,0 days 00:01:20.766000,HARD,16.0,1.0,,,80.766
RUS,17.0,0 days 00:01:21.057000,HARD,17.0,1.0,,,81.057
RUS,18.0,0 days 00:01:20.126000,HARD,18.0,1.0,,,80.126
RUS,19.0,0 days 00:01:19.629000,HARD,19.0,1.0,,,79.629
RUS,20.0,0 days 00:01:18.513000,HARD,20.0,1.0,,,78.513
RUS,21.0,0 days 00:01:17.775000,HARD,21.0,1.0,,,77.775
RUS,22.0,0 days 00:01:17.301000,HARD,22.0,1.0,,,77.301
RUS,23.0,0 days 00:01:16.900000,HARD,23.0,1.0,,,76.9
RUS,24.0,0 days 00:01:16.935000,HARD,24.0,1.0,,,76.935
RUS,25.0,0 days 00:01:19.216000,HARD,25.0,1.0,,,79.216
RUS,26.0,0 days 00:01:19.491000,HARD,26.0,1.0,,,79.491
RUS,27.0,0 days 00:01:19.453000,HARD,27.0,1.0,,,79.453
RUS,28.0,0 days 00:01:19.673000,HARD,28.0,1.0,,,79.673
RUS,29.0,0 days 00:01:19.247000,HARD,29.0,1.0,,,79.247
RUS,30.0,0 days 00:01:20.514000,HARD,30.0,1.0,,,80.514
RUS,31.0,0 days 00:01:18.068000,HARD,31.0,1.0,,,78.068
RUS,32.0,0 days 00:01:19.384000,HARD,32.0,1.0,,,79.384
RUS,33.0,0 days 00:01:21.135000,HARD,33.0,1.0,,,81.135
RUS,34.0,0 days 00:01:18.936000,HARD,34.0,1.0,,,78.936
RUS,35.0,0 days 00:01:19.219000,HARD,35.0,1.0,,,79.219
RUS,36.0,0 days 00:01:19.952000,HARD,36.0,1.0,,,79.952
RUS,37.0,0 days 00:01:18.925000,HARD,37.0,1.0,,,78.925
RUS,38.0,0 days 00:01:18.468000,HARD,38.0,1.0,,,78.468
RUS,39.0,0 days 00:01:18.865000,HARD,39.0,1.0,,,78.865
RUS,40.0,0 days 00:01:18.936000,HARD,40.0,1.0,,,78.936
RUS,41.0,0 days 00:01:17.272000,HARD,41.0,1.0,,,77.272
RUS,42.0,0 days 00:01:17.617000,HARD,42.0,1.0,,,77.617
RUS,43.0,0 days 00:01:18.494000,HARD,43.0,1.0,,,78.494
RUS,44.0,0 days 00:01:19.072000,HARD,44.0,1.0,,,79.072
RUS,45.0,0 days 00:01:19.192000,HARD,45.0,1.0,,,79.192
RUS,46.0,0 days 00:01:19.289000,HARD,46.0,1.0,,,79.289
RUS,47.0,0 days 00:01:19.959000,HARD,47.0,1.0,,,79.959
RUS,48.0,0 days 00:01:17.477000,HARD,48.0,1.0,,,77.477
RUS,49.0,0 days 00:01:17.379000,HARD,49.0,1.0,,,77.379
RUS,50.0,0 days 00:01:15.966000,HARD,50.0,1.0,,,75.966
RUS,51.0,0 days 00:01:16.095000,HARD,51.0,1.0,,,76.095
RUS,52.0,0 days 00:01:16.023000,HARD,52.0,1.0,,,76.023
RUS,55.0,0 days 00:01:16.455000,MEDIUM,2.0,2.0,,,76.455
RUS,56.0,0 days 00:01:18.479000,MEDIUM,3.0,2.0,,,78.479
RUS,57.0,0 days 00:01:16.715000,MEDIUM,4.0,2.0,,,76.715
RUS,58.0,0 days 00:01:16.037000,MEDIUM,5.0,2.0,,,76.037
RUS,59.0,0 days 00:01:16.082000,MEDIUM,6.0,2.0,,,76.082
RUS,60.0,0 days 00:01:16.207000,MEDIUM,7.0,2.0,,,76.207
RUS,61.0,0 days 00:01:15.998000,MEDIUM,8.0,2.0,,,75.998
RUS,64.0,0 days 00:01:13.864000,MEDIUM,11.0,2.0,,,73.864
RUS,65.0,0 days 00:01:14.280000,MEDIUM,12.0,2.0,,,74.28
RUS,66.0,0 days 00:01:13.918000,MEDIUM,13.0,2.0,,,73.918
RUS,67.0,0 days 00:01:13.483000,MEDIUM,14.0,2.0,,,73.483
RUS,70.0,0 days 00:01:14.303000,HARD,2.0,3.0,,,74.303
RUS,71.0,0 days 00:01:14.053000,HARD,3.0,3.0,,,74.053
RUS,72.0,0 days 00:01:13.865000,HARD,4.0,3.0,,,73.865
RUS,73.0,0 days 00:01:13.596000,HARD,5.0,3.0,,,73.596
RUS,74.0,0 days 00:01:13.405000,HARD,6.0,3.0,,,73.405
RUS,75.0,0 days 00:01:13.773000,HARD,7.0,3.0,,,73.773
RUS,76.0,0 days 00:01:14.490000,HARD,8.0,3.0,,,74.49
PIA,1.0,0 days 00:01:26.141000,MEDIUM,1.0,1.0,,,86.141
PIA,2.0,0 days 00:01:46.466000,MEDIUM,2.0,1.0,,,106.466
PIA,3.0,0 days 00:01:48.176000,MEDIUM,3.0,1.0,,,108.176
PIA,4.0,0 days 00:01:40.676000,MEDIUM,4.0,1.0,,,100.676
PIA,5.0,0 days 00:01:20.048000,MEDIUM,5.0,1.0,,,80.048
PIA,6.0,0 days 00:01:19.793000,MEDIUM,6.0,1.0,,,79.793
PIA,7.0,0 days 00:01:19.261000,MEDIUM,7.0,1.0,,,79.261
PIA,8.0,0 days 00:01:18.029000,MEDIUM,8.0,1.0,,,78.029
PIA,9.0,0 days 00:01:22.281000,MEDIUM,9.0,1.0,,,82.281
PIA,10.0,0 days 00:01:19.160000,MEDIUM,10.0,1.0,,,79.16
PIA,11.0,0 days 00:01:17.335000,MEDIUM,11.0,1.0,,,77.335
PIA,12.0,0 days 00:01:17.393000,MEDIUM,12.0,1.0,,,77.393
PIA,13.0,0 days 00:01:16.748000,MEDIUM,13.0,1.0,,,76.748
PIA,14.0,0 days 00:01:16.412000,MEDIUM,14.0,1.0,,,76.412
PIA,15.0,0 days 00:01:15.522000,MEDIUM,15.0,1.0,,,75.522
PIA,16.0,0 days 00:01:15.643000,MEDIUM,16.0,1.0,,,75.643
PIA,17.0,0 days 00:01:15.457000,MEDIUM,17.0,1.0,,,75.457
PIA,18.0,0 days 00:01:14.934000,MEDIUM,18.0,1.0,,,74.934
PIA,19.0,0 days 00:01:15.049000,MEDIUM,19.0,1.0,,,75.049
PIA,22.0,0 days 00:01:13.818000,HARD,2.0,2.0,,,73.818
PIA,23.0,0 days 00:01:17.790000,HARD,3.0,2.0,,,77.79
PIA,24.0,0 days 00:01:15.487000,HARD,4.0,2.0,,,75.487
PIA,25.0,0 days 00:01:14.940000,HARD,5.0,2.0,,,74.94
PIA,26.0,0 days 00:01:14.960000,HARD,6.0,2.0,,,74.96
PIA,27.0,0 days 00:01:14.772000,HARD,7.0,2.0,,,74.772
PIA,28.0,0 days 00:01:15.556000,HARD,8.0,2.0,,,75.556
PIA,29.0,0 days 00:01:14.736000,HARD,9.0,2.0,,,74.736
PIA,30.0,0 days 00:01:14.868000,HARD,10.0,2.0,,,74.868
PIA,31.0,0 days 00:01:15.735000,HARD,11.0,2.0,,,75.735
PIA,32.0,0 days 00:01:16.822000,HARD,12.0,2.0,,,76.822
PIA,33.0,0 days 00:01:16.325000,HARD,13.0,2.0,,,76.325
PIA,34.0,0 days 00:01:15.947000,HARD,14.0,2.0,,,75.947
PIA,35.0,0 days 00:01:14.819000,HARD,15.0,2.0,,,74.819
PIA,36.0,0 days 00:01:15.107000,HARD,16.0,2.0,,,75.107
PIA,37.0,0 days 00:01:15.396000,HARD,17.0,2.0,,,75.396
PIA,38.0,0 days 00:01:14.475000,HARD,18.0,2.0,,,74.475
PIA,39.0,0 days 00:01:14.594000,HARD,19.0,2.0,,,74.594
PIA,40.0,0 days 00:01:14.344000,HARD,20.0,2.0,,,74.344
PIA,41.0,0 days 00:01:14.297000,HARD,21.0,2.0,,,74.297
PIA,42.0,0 days 00:01:14.137000,HARD,22.0,2.0,,,74.137
PIA,43.0,0 days 00:01:15.181000,HARD,23.0,2.0,,,75.181
PIA,44.0,0 days 00:01:14.676000,HARD,24.0,2.0,,,74.676
PIA,45.0,0 days 00:01:15.124000,HARD,25.0,2.0,,,75.124
PIA,46.0,0 days 00:01:14.875000,HARD,26.0,2.0,,,74.875
PIA,47.0,0 days 00:01:14.092000,HARD,27.0,2.0,,,74.092
PIA,50.0,0 days 00:01:14.121000,HARD,2.0,3.0,,,74.121
PIA,51.0,0 days 00:01:14.713000,HARD,3.0,3.0,,,74.713
PIA,52.0,0 days 00:01:14.087000,HARD,4.0,3.0,,,74.087
PIA,53.0,0 days 00:01:14.004000,HARD,5.0,3.0,,,74.004
PIA,54.0,0 days 00:01:14.703000,HARD,6.0,3.0,,,74.703
PIA,55.0,0 days 00:01:16.244000,HARD,7.0,3.0,,,76.244
PIA,56.0,0 days 00:01:15.113000,HARD,8.0,3.0,,,75.113
PIA,57.0,0 days 00:01:14.810000,HARD,9.0,3.0,,,74.81
PIA,58.0,0 days 00:01:14.830000,HARD,10.0,3.0,,,74.83
PIA,59.0,0 days 00:01:13.916000,HARD,11.0,3.0,,,73.916
PIA,60.0,0 days 00:01:13.745000,HARD,12.0,3.0,,,73.745
PIA,61.0,0 days 00:01:14.485000,HARD,13.0,3.0,,,74.485
PIA,62.0,0 days 00:01:15.213000,HARD,14.0,3.0,,,75.213
PIA,63.0,0 days 00:01:14.381000,HARD,15.0,3.0,,,74.381
PIA,64.0,0 days 00:01:15.204000,HARD,16.0,3.0,,,75.204
PIA,65.0,0 days 00:01:14.661000,HARD,17.0,3.0,,,74.661
PIA,66.0,0 days 00:01:15.106000,HARD,18.0,3.0,,,75.106
PIA,67.0,0 days 00:01:15.014000,HARD,19.0,3.0,,,75.014
PIA,68.0,0 days 00:01:15.260000,HARD,20.0,3.0,,,75.26
PIA,69.0,0 days 00:01:15.638000,HARD,21.0,3.0,,,75.638
PIA,70.0,0 days 00:01:15.899000,HARD,22.0,3.0,,,75.899
PIA,71.0,0 days 00:01:15.595000,HARD,23.0,3.0,,,75.595
PIA,72.0,0 days 00:01:16.141000,HARD,24.0,3.0,,,76.141
PIA,73.0,0 days 00:01:16.214000,HARD,25.0,3.0,,,76.214
PIA,74.0,0 days 00:01:16.193000,HARD,26.0,3.0,,,76.193
PIA,75.0,0 days 00:01:16.139000,HARD,27.0,3.0,,,76.139
PIA,76.0,0 days 00:01:15.909000,HARD,28.0,3.0,,,75.909
PIA,77.0,0 days 00:01:16.523000,HARD,29.0,3.0,,,76.523
PIA,78.0,0 days 00:01:15.020000,HARD,30.0,3.0,,,75.02
BEA,3.0,0 days 00:01:50.334000,HARD,2.0,2.0,,,110.334
BEA,4.0,0 days 00:01:22.127000,HARD,3.0,2.0,,,82.127
BEA,5.0,0 days 00:01:15.576000,HARD,4.0,2.0,,,75.576
BEA,6.0,0 days 00:01:14.855000,HARD,5.0,2.0,,,74.855
BEA,7.0,0 days 00:01:15.058000,HARD,6.0,2.0,,,75.058
BEA,8.0,0 days 00:01:18.303000,HARD,7.0,2.0,,,78.303
BEA,9.0,0 days 00:01:16.467000,HARD,8.0,2.0,,,76.467
BEA,10.0,0 days 00:01:19.555000,HARD,9.0,2.0,,,79.555
BEA,11.0,0 days 00:01:20.017000,HARD,10.0,2.0,,,80.017
BEA,12.0,0 days 00:01:19.401000,HARD,11.0,2.0,,,79.401
BEA,13.0,0 days 00:01:19.680000,HARD,12.0,2.0,,,79.68
BEA,14.0,0 days 00:01:18.386000,HARD,13.0,2.0,,,78.386
BEA,15.0,0 days 00:01:19.194000,HARD,14.0,2.0,,,79.194
BEA,16.0,0 days 00:01:20.638000,HARD,15.0,2.0,,,80.638
BEA,19.0,0 days 00:01:16.285000,MEDIUM,2.0,3.0,,,76.285
BEA,20.0,0 days 00:01:16.530000,MEDIUM,3.0,3.0,,,76.53
BEA,21.0,0 days 00:01:17.189000,MEDIUM,4.0,3.0,,,77.189
BEA,22.0,0 days 00:01:16.562000,MEDIUM,5.0,3.0,,,76.562
BEA,23.0,0 days 00:01:16.542000,MEDIUM,6.0,3.0,,,76.542
BEA,24.0,0 days 00:01:17.056000,MEDIUM,7.0,3.0,,,77.056
BEA,25.0,0 days 00:01:18.369000,MEDIUM,8.0,3.0,,,78.369
BEA,26.0,0 days 00:01:18.034000,MEDIUM,9.0,3.0,,,78.034
BEA,27.0,0 days 00:01:17,MEDIUM,10.0,3.0,,,77.0
BEA,28.0,0 days 00:01:17.126000,MEDIUM,11.0,3.0,,,77.126
BEA,29.0,0 days 00:01:21.565000,MEDIUM,12.0,3.0,,,81.565
BEA,30.0,0 days 00:01:18.778000,MEDIUM,13.0,3.0,,,78.778
BEA,31.0,0 days 00:01:19.927000,MEDIUM,14.0,3.0,,,79.927
BEA,32.0,0 days 00:01:20.227000,MEDIUM,15.0,3.0,,,80.227
BEA,33.0,0 days 00:01:18.784000,MEDIUM,16.0,3.0,,,78.784
BEA,34.0,0 days 00:01:19.725000,MEDIUM,17.0,3.0,,,79.725
BEA,35.0,0 days 00:01:18.006000,MEDIUM,18.0,3.0,,,78.006
BEA,36.0,0 days 00:01:19.059000,MEDIUM,19.0,3.0,,,79.059
BEA,37.0,0 days 00:01:18.885000,MEDIUM,20.0,3.0,,,78.885
BEA,38.0,0 days 00:01:18.333000,MEDIUM,21.0,3.0,,,78.333
BEA,39.0,0 days 00:01:18.791000,MEDIUM,22.0,3.0,,,78.791
BEA,40.0,0 days 00:01:18.768000,MEDIUM,23.0,3.0,,,78.768
BEA,41.0,0 days 00:01:18.741000,MEDIUM,24.0,3.0,,,78.741
BEA,42.0,0 days 00:01:17.424000,MEDIUM,25.0,3.0,,,77.424
BEA,43.0,0 days 00:01:17.648000,MEDIUM,26.0,3.0,,,77.648
BEA,44.0,0 days 00:01:18.511000,MEDIUM,27.0,3.0,,,78.511
BEA,45.0,0 days 00:01:19.057000,MEDIUM,28.0,3.0,,,79.057
BEA,46.0,0 days 00:01:19.294000,MEDIUM,29.0,3.0,,,79.294
BEA,47.0,0 days 00:01:20.078000,MEDIUM,30.0,3.0,,,80.078
BEA,48.0,0 days 00:01:18.965000,MEDIUM,31.0,3.0,,,78.965
BEA,49.0,0 days 00:01:17.921000,MEDIUM,32.0,3.0,,,77.921
BEA,50.0,0 days 00:01:19.103000,MEDIUM,33.0,3.0,,,79.103
BEA,51.0,0 days 00:01:22.205000,MEDIUM,34.0,3.0,,,82.205
BEA,52.0,0 days 00:01:19.988000,MEDIUM,35.0,3.0,,,79.988
BEA,53.0,0 days 00:01:20.306000,MEDIUM,36.0,3.0,,,80.306
BEA,54.0,0 days 00:01:18.820000,MEDIUM,37.0,3.0,,,78.82
BEA,55.0,0 days 00:01:18.659000,MEDIUM,38.0,3.0,,,78.659
BEA,56.0,0 days 00:01:18.306000,MEDIUM,39.0,3.0,,,78.306
BEA,57.0,0 days 00:01:18.584000,MEDIUM,40.0,3.0,,,78.584
BEA,58.0,0 days 00:01:18.038000,MEDIUM,41.0,3.0,,,78.038
BEA,59.0,0 days 00:01:19.233000,MEDIUM,42.0,3.0,,,79.233
BEA,60.0,0 days 00:01:18.669000,MEDIUM,43.0,3.0,,,78.669
BEA,61.0,0 days 00:01:18.715000,MEDIUM,44.0,3.0,,,78.715
BEA,62.0,0 days 00:01:18.364000,MEDIUM,45.0,3.0,,,78.364
BEA,63.0,0 days 00:01:18.836000,MEDIUM,46.0,3.0,,,78.836
BEA,64.0,0 days 00:01:18.404000,MEDIUM,47.0,3.0,,,78.404
BEA,65.0,0 days 00:01:17.177000,MEDIUM,48.0,3.0,,,77.177
BEA,66.0,0 days 00:01:17.748000,MEDIUM,49.0,3.0,,,77.748
BEA,67.0,0 days 00:01:16.362000,MEDIUM,50.0,3.0,,,76.362
BEA,68.0,0 days 00:01:17.602000,MEDIUM,51.0,3.0,,,77.602
BEA,69.0,0 days 00:01:16.187000,MEDIUM,52.0,3.0,,,76.187
BEA,70.0,0 days 00:01:16.663000,MEDIUM,53.0,3.0,,,76.663
BEA,71.0,0 days 00:01:15.748000,MEDIUM,54.0,3.0,,,75.748
BEA,72.0,0 days 00:01:15.427000,MEDIUM,55.0,3.0,,,75.427
BEA,73.0,0 days 00:01:15.355000,MEDIUM,56.0,3.0,,,75.355
BEA,74.0,0 days 00:01:15.365000,MEDIUM,57.0,3.0,,,75.365
BEA,75.0,0 days 00:01:15.799000,MEDIUM,58.0,3.0,,,75.799
BEA,76.0,0 days 00:01:17.224000,MEDIUM,59.0,3.0,,,77.224
